-- MariaDB dump 10.19  Distrib 10.4.28-MariaDB, for Win64 (AMD64)
--
-- Host: localhost    Database: sala_super_db
-- ------------------------------------------------------
-- Server version	10.4.28-MariaDB

/*!40101 SET @OLD_CHARACTER_SET_CLIENT=@@CHARACTER_SET_CLIENT */;
/*!40101 SET @OLD_CHARACTER_SET_RESULTS=@@CHARACTER_SET_RESULTS */;
/*!40101 SET @OLD_COLLATION_CONNECTION=@@COLLATION_CONNECTION */;
/*!40101 SET NAMES utf8mb4 */;
/*!40103 SET @OLD_TIME_ZONE=@@TIME_ZONE */;
/*!40103 SET TIME_ZONE='+00:00' */;
/*!40014 SET @OLD_UNIQUE_CHECKS=@@UNIQUE_CHECKS, UNIQUE_CHECKS=0 */;
/*!40014 SET @OLD_FOREIGN_KEY_CHECKS=@@FOREIGN_KEY_CHECKS, FOREIGN_KEY_CHECKS=0 */;
/*!40101 SET @OLD_SQL_MODE=@@SQL_MODE, SQL_MODE='NO_AUTO_VALUE_ON_ZERO' */;
/*!40111 SET @OLD_SQL_NOTES=@@SQL_NOTES, SQL_NOTES=0 */;

--
-- Table structure for table `category`
--

DROP TABLE IF EXISTS `category`;
/*!40101 SET @saved_cs_client     = @@character_set_client */;
/*!40101 SET character_set_client = utf8 */;
CREATE TABLE `category` (
  `catid` int(11) NOT NULL AUTO_INCREMENT,
  `category` varchar(200) NOT NULL,
  PRIMARY KEY (`catid`)
) ENGINE=InnoDB AUTO_INCREMENT=28 DEFAULT CHARSET=utf8mb4 COLLATE=utf8mb4_general_ci;
/*!40101 SET character_set_client = @saved_cs_client */;

--
-- Dumping data for table `category`
--

LOCK TABLES `category` WRITE;
/*!40000 ALTER TABLE `category` DISABLE KEYS */;
INSERT INTO `category` VALUES (24,'Cosmetic'),(25,'Grocery'),(26,'Stationary');
/*!40000 ALTER TABLE `category` ENABLE KEYS */;
UNLOCK TABLES;

--
-- Table structure for table `incoming_stock`
--

DROP TABLE IF EXISTS `incoming_stock`;
/*!40101 SET @saved_cs_client     = @@character_set_client */;
/*!40101 SET character_set_client = utf8 */;
CREATE TABLE `incoming_stock` (
  `id` int(11) NOT NULL AUTO_INCREMENT,
  `pid` int(11) NOT NULL,
  `stock` int(11) NOT NULL,
  `purchaseprice` float NOT NULL,
  `saleprice` float NOT NULL,
  `date_time` datetime NOT NULL,
  PRIMARY KEY (`id`)
) ENGINE=InnoDB AUTO_INCREMENT=493 DEFAULT CHARSET=utf8mb4 COLLATE=utf8mb4_general_ci;
/*!40101 SET character_set_client = @saved_cs_client */;

--
-- Dumping data for table `incoming_stock`
--

LOCK TABLES `incoming_stock` WRITE;
/*!40000 ALTER TABLE `incoming_stock` DISABLE KEYS */;
INSERT INTO `incoming_stock` VALUES (22,22,150,126,145,'2023-09-05 14:32:20'),(23,23,144,136,145,'2023-09-05 14:35:24'),(24,24,180,100,130,'2023-09-05 14:37:59'),(25,25,144,140,160,'2023-09-05 14:39:37'),(26,26,90,116,130,'2023-09-05 14:40:48'),(27,27,180,118,125,'2023-09-05 14:41:32'),(28,28,144,140,160,'2023-09-05 14:42:55'),(29,29,144,105,125,'2023-09-05 14:45:47'),(30,30,144,105,125,'2023-09-05 14:46:55'),(31,31,144,105,125,'2023-09-05 14:47:35'),(32,32,144,105,125,'2023-09-05 14:49:55'),(33,33,144,105,125,'2023-09-05 14:50:45'),(34,34,147,149.66,160,'2023-09-05 14:52:27'),(35,35,36,395,420,'2023-09-05 14:55:57'),(36,36,120,142.17,150,'2023-09-05 14:57:06'),(37,37,144,65,70,'2023-09-05 14:58:32'),(38,38,48,169,180,'2023-09-05 14:59:46'),(39,39,288,37.45,40,'2023-09-05 15:00:39'),(40,40,48,174,185,'2023-09-05 15:02:26'),(41,41,32,328,350,'2023-09-05 15:06:28'),(42,42,18,215,250,'2023-09-05 15:08:56'),(43,43,12,262,310,'2023-09-05 15:09:45'),(44,44,20,255,300,'2023-09-05 15:14:08'),(45,45,72,112,140,'2023-09-05 15:15:34'),(46,46,60,114,125,'2023-09-05 15:17:19'),(47,47,60,183,200,'2023-09-05 15:18:15'),(48,48,24,245,275,'2023-09-05 15:22:31'),(49,49,30,200,260,'2023-09-05 15:25:08'),(50,50,24,186.5,230,'2023-09-05 15:26:37'),(51,51,120,109,120,'2023-09-05 15:28:02'),(52,52,48,223,265,'2023-09-05 15:29:08'),(53,53,24,403,480,'2023-09-05 15:29:49'),(54,54,17,130,140,'2023-09-05 15:32:11'),(55,55,4,267,285,'2023-09-05 15:43:58'),(56,56,12,252,360,'2023-09-05 15:45:00'),(57,57,6,325,340,'2023-09-05 15:47:32'),(59,59,12,310,335,'2023-09-05 15:49:39'),(61,61,12,141,150,'2023-09-05 15:57:28'),(62,62,5,141,150,'2023-09-05 15:58:14'),(63,63,7,141,150,'2023-09-05 15:58:39'),(64,64,15,134,145,'2023-09-05 16:02:32'),(65,65,9,134,145,'2023-09-05 16:03:14'),(66,66,36,121,130,'2023-09-05 16:04:32'),(67,67,4,277,300,'2023-09-05 16:07:05'),(68,68,8,277,300,'2023-09-05 16:07:31'),(69,69,36,122,150,'2023-09-05 16:13:13'),(70,70,12,122,150,'2023-09-05 16:15:18'),(71,71,24,122,150,'2023-09-05 16:16:18'),(72,72,400,10.5,19.75,'2023-09-05 16:19:53'),(73,73,720,15.2083,20,'2023-09-05 16:24:35'),(74,74,10,1550,1650,'2023-09-05 16:27:23'),(75,75,3,1045,1100,'2023-09-05 16:28:28'),(76,76,40,150,300,'2023-09-05 16:31:09'),(77,77,240,22,25,'2023-09-05 16:35:06'),(78,78,24,300,335,'2023-09-05 16:35:46'),(79,79,360,18.55,20,'2023-09-05 16:37:01'),(80,80,18,399,430,'2023-09-05 16:38:16'),(81,81,100,112,120,'2023-09-05 16:39:00'),(82,82,100,110,120,'2023-09-05 16:40:42'),(83,83,120,27,30,'2023-09-05 16:44:36'),(84,84,18,430,440,'2023-09-05 17:21:03'),(85,85,36,206,220,'2023-09-05 17:33:57'),(86,86,50,205,220,'2023-09-05 17:34:45'),(87,87,12,854,880,'2023-09-05 17:37:55'),(88,88,72,83,90,'2023-09-05 17:39:44'),(89,89,50,128,160,'2023-09-05 17:41:49'),(90,90,50,88,110,'2023-09-05 17:44:27'),(91,91,50,104,130,'2023-09-05 17:45:33'),(92,92,50,144,180,'2023-09-05 17:50:56'),(93,93,50,136,170,'2023-09-05 17:52:16'),(94,94,72,136,140,'2023-09-05 17:58:02'),(95,95,80,28.5,30,'2023-09-05 17:59:45'),(96,96,12,750,790,'2023-09-05 18:10:21'),(97,97,39,460,490,'2023-09-05 18:13:10'),(98,98,40,785,830,'2023-09-05 18:15:45'),(99,99,48,530.75,550,'2023-09-05 18:19:15'),(100,100,40,595,620,'2023-09-05 18:23:19'),(101,101,36,1042.2,1080,'2023-09-05 18:25:40'),(102,102,36,1042.2,1080,'2023-09-05 18:26:28'),(103,103,12,1300,1350,'2023-09-05 18:30:46'),(104,104,50,200,220,'2023-09-05 18:53:15'),(105,105,450,66,70,'2023-09-05 18:56:56'),(106,106,80,115,130,'2023-09-05 19:02:45'),(107,107,450,57.9,60,'2023-09-05 19:09:45'),(108,108,48,355,410,'2023-09-05 19:14:17'),(109,109,18,250,525,'2023-09-05 19:24:35'),(110,110,12,1208,1250,'2023-09-05 19:31:46'),(111,111,10,270,300,'2023-09-05 19:37:04'),(112,112,72,380,625,'2023-09-05 19:40:02'),(113,113,1440,3.333,4.166,'2023-09-05 19:47:22'),(114,114,15,350,370,'2023-09-05 19:59:18'),(115,115,15,190,230,'2023-09-05 20:02:32'),(116,116,36,82,85,'2023-09-05 20:07:20'),(117,117,60,33,35,'2023-09-05 20:10:28'),(118,118,20,575,620,'2023-09-05 20:26:23'),(119,119,50,115,130,'2023-09-05 20:33:31'),(120,120,12,219,250,'2023-09-05 20:39:34'),(121,121,112,47.143,50,'2023-09-05 20:46:44'),(122,122,20,175,400,'2023-09-05 20:53:50'),(123,123,120,85,200,'2023-09-05 20:59:33'),(124,124,120,114,130,'2023-09-05 21:03:22'),(125,125,120,103,125,'2023-09-05 21:28:05'),(126,126,120,89,100,'2023-09-05 21:29:05'),(127,127,120,120,150,'2023-09-05 21:32:41'),(128,128,60,281.82,310,'2023-09-05 21:36:27'),(129,129,25,255,400,'2023-09-05 21:53:17'),(130,130,25,230,500,'2023-09-05 21:54:08'),(131,131,1,6250,10250,'2023-09-05 21:55:08'),(132,132,5,850,1650,'2023-09-05 22:09:25'),(133,133,5,850,1650,'2023-09-05 22:10:53'),(134,134,20,82.5,125,'2023-09-05 22:18:47'),(135,135,10,165,250,'2023-09-05 22:19:41'),(136,136,1000,0.95,2,'2023-09-05 22:57:18'),(137,137,25,950,1100,'2023-09-06 00:25:00'),(138,138,15,1900,2200,'2023-09-06 00:25:52'),(139,139,15,925,1050,'2023-09-06 00:28:55'),(140,140,10,1850,2100,'2023-09-06 00:32:41'),(141,141,10,1075,1150,'2023-09-06 00:34:52'),(142,142,5,220,350,'2023-09-06 00:39:06'),(143,143,2,292,700,'2023-09-06 00:42:34'),(144,144,2,220,500,'2023-09-06 00:43:44'),(145,145,48,118,125,'2023-09-06 02:35:34'),(146,146,72,56,60,'2023-09-06 03:23:09'),(147,147,4,312.889,440,'2023-09-06 17:16:26'),(148,148,4,312.889,440,'2023-09-06 17:22:42'),(149,149,4,312.889,440,'2023-09-06 18:38:32'),(150,150,4,312.889,440,'2023-09-06 18:40:21'),(151,151,4,312.889,440,'2023-09-06 18:41:33'),(152,152,4,312.889,440,'2023-09-06 18:42:34'),(153,153,3,312.889,440,'2023-09-06 18:43:50'),(154,154,6,473.143,690,'2023-09-06 18:47:00'),(155,155,6,473.143,690,'2023-09-06 18:49:53'),(156,156,6,473.143,690,'2023-09-06 18:51:39'),(157,157,6,473.143,690,'2023-09-06 18:54:01'),(158,158,6,473.143,690,'2023-09-06 18:59:01'),(159,159,6,473.143,690,'2023-09-06 19:01:42'),(160,160,6,473.143,690,'2023-09-06 19:16:51'),(161,161,2,708,885,'2023-09-06 19:31:27'),(162,162,2,552,690,'2023-09-06 19:35:01'),(163,163,2,504,630,'2023-09-06 19:37:11'),(164,164,4,504,630,'2023-09-06 19:38:24'),(165,165,2,600,750,'2023-09-06 19:40:49'),(166,166,3,248,310,'2023-09-06 19:43:48'),(167,167,3,328,410,'2023-09-06 19:45:21'),(168,168,2,768,960,'2023-09-06 19:47:27'),(169,169,1,768,960,'2023-09-06 19:49:26'),(170,170,3,328,410,'2023-09-06 19:51:52'),(171,171,3,552,690,'2023-09-06 19:52:58'),(172,172,2,472,590,'2023-09-06 19:55:28'),(173,173,2,708,885,'2023-09-06 19:57:19'),(174,174,2,708,885,'2023-09-06 19:59:07'),(175,175,6,156,195,'2023-09-06 20:08:41'),(176,176,3,312,390,'2023-09-06 20:14:12'),(177,177,2,336,420,'2023-09-06 20:17:45'),(178,178,2,336,420,'2023-09-06 20:19:51'),(179,179,2,360,450,'2023-09-06 20:21:28'),(180,180,2,360,450,'2023-09-06 20:26:37'),(181,181,2,312,390,'2023-09-06 20:30:53'),(182,182,10,40,50,'2023-09-06 21:11:40'),(183,183,5,80,100,'2023-09-06 21:13:39'),(184,184,5,128,160,'2023-09-06 21:16:00'),(185,185,5,256,320,'2023-09-06 21:19:08'),(186,186,5,80,100,'2023-09-06 21:23:18'),(187,187,5,120,150,'2023-09-06 21:24:21'),(188,188,5,96,120,'2023-09-06 21:27:08'),(189,189,5,80,100,'2023-09-06 21:28:16'),(190,190,5,80,100,'2023-09-06 21:30:15'),(191,191,5,80,100,'2023-09-06 21:31:28'),(192,192,5,176,220,'2023-09-06 21:32:57'),(193,193,10,88,110,'2023-09-06 21:34:56'),(194,194,5,176,220,'2023-09-06 21:37:32'),(195,195,10,40,50,'2023-09-06 21:40:40'),(196,196,10,88,110,'2023-09-06 21:41:45'),(197,197,10,40,50,'2023-09-06 21:52:36'),(198,198,5,96,120,'2023-09-06 21:54:13'),(199,199,5,96,120,'2023-09-06 21:56:36'),(200,200,5,176,220,'2023-09-06 21:58:10'),(201,201,5,176,220,'2023-09-06 21:59:59'),(202,202,3,200,250,'2023-09-06 22:02:26'),(203,203,10,40,50,'2023-09-06 22:04:04'),(204,204,5,176,220,'2023-09-06 22:06:00'),(205,205,5,207,230,'2023-09-06 22:34:54'),(206,206,2,207,230,'2023-09-06 22:36:22'),(207,207,2,207,230,'2023-09-06 22:37:17'),(208,208,2,207,230,'2023-09-06 22:38:33'),(209,209,5,207,230,'2023-09-06 22:39:22'),(210,210,3,207,230,'2023-09-06 22:40:10'),(211,211,5,144,160,'2023-09-06 22:41:15'),(212,212,3,347.78,385,'2023-09-06 22:18:36'),(213,213,3,347.52,380,'2023-09-06 22:19:55'),(214,214,3,201.21,220,'2023-09-06 22:20:37'),(215,215,3,348.21,385,'2023-09-06 22:21:24'),(216,216,3,136.52,150,'2023-09-06 22:22:27'),(217,217,3,145.27,160,'2023-09-06 22:23:24'),(218,218,5,112.5,125,'2023-09-06 22:31:24'),(219,219,3,112.5,125,'2023-09-06 22:34:31'),(220,220,1,112.5,125,'2023-09-06 22:35:35'),(221,221,15,52.82,60,'2023-09-06 22:41:37'),(222,222,3,194.36,215,'2023-09-06 22:44:11'),(223,223,12,90,100,'2023-09-06 22:48:50'),(224,224,12,90,100,'2023-09-06 22:53:18'),(225,221,1,0,60,'2023-09-06 22:54:45'),(226,225,3,685,840,'2023-11-11 00:29:44'),(227,226,3,685,840,'2023-11-11 00:30:32'),(228,227,20,78,95,'2023-11-11 00:31:16'),(229,228,20,156,190,'2023-11-11 00:32:02'),(230,229,8,390,475,'2023-11-11 00:32:39'),(231,230,20,71,85,'2023-11-11 00:33:37'),(232,231,10,142,170,'2023-11-11 00:34:15'),(233,232,20,78,95,'2023-11-11 00:35:26'),(234,233,10,156,190,'2023-11-11 00:36:05'),(235,234,4,390,475,'2023-11-11 00:36:36'),(236,235,20,98.5,115,'2023-11-11 00:37:54'),(237,236,10,192,225,'2023-11-11 00:38:26'),(238,237,20,85.5,100,'2023-11-11 00:39:45'),(239,238,20,112.5,135,'2023-11-11 00:40:31'),(240,239,10,225,270,'2023-11-11 00:41:04'),(241,240,5,384,450,'2023-11-11 00:41:41'),(242,241,20,96,110,'2023-11-11 00:42:40'),(243,242,10,188.5,215,'2023-11-11 00:43:38'),(244,243,5,377,430,'2023-11-11 00:44:25'),(245,244,10,68.5,80,'2023-11-11 00:45:34'),(246,245,10,144.75,170,'2023-11-11 00:46:19'),(247,246,5,234,280,'2023-11-11 00:47:08'),(248,247,5,209,250,'2023-11-11 00:47:45'),(249,248,10,123.5,140,'2023-11-11 00:49:25'),(250,249,24,429,490,'2023-11-11 01:09:25'),(251,250,4,473,540,'2023-11-11 01:10:58'),(252,251,4,473,540,'2023-11-11 01:11:47'),(253,252,2,473,540,'2023-11-11 01:12:30'),(254,253,2,473,540,'2023-11-11 01:13:19'),(255,254,12,104,120,'2023-11-11 01:14:08'),(256,255,18,106.26,120,'2023-11-11 01:15:30'),(257,255,2,0,120,'2023-11-11 01:15:43'),(258,256,18,106.26,120,'2023-11-11 01:16:28'),(259,257,12,106.26,120,'2023-11-11 01:38:34'),(260,258,12,106.26,120,'2023-11-11 01:39:01'),(261,259,12,106.26,120,'2023-11-11 01:39:40'),(262,260,48,86.68,100,'2023-11-11 01:40:35'),(263,260,4,0,100,'2023-11-11 01:40:47'),(264,261,48,86.68,100,'2023-11-11 01:41:43'),(265,262,12,178.05,200,'2023-11-11 02:06:14'),(266,263,6,113.69,140,'2023-11-11 02:07:20'),(267,264,3,302.86,350,'2023-11-11 02:11:00'),(268,265,3,338.41,400,'2023-11-11 02:18:10'),(269,266,3,133.72,150,'2023-11-11 02:19:10'),(270,267,10,283.81,330,'2023-11-11 02:20:00'),(271,268,10,296.75,340,'2023-11-11 02:20:49'),(272,269,3,212.04,250,'2023-11-11 02:22:39'),(273,270,3,214.59,250,'2023-11-11 02:23:40'),(274,271,3,214.59,250,'2023-11-11 02:24:06'),(275,272,12,113,130,'2023-11-11 02:25:41'),(276,273,12,113,130,'2023-11-11 02:26:20'),(277,274,33,52,60,'2023-11-11 02:42:22'),(278,275,33,52,60,'2023-11-11 02:43:13'),(279,276,6,208.83,240,'2023-11-11 02:48:15'),(280,277,12,208.83,240,'2023-11-11 02:50:45'),(281,278,18,69.22,80,'2023-11-11 02:53:02'),(282,279,3,428,490,'2023-11-11 02:54:56'),(283,280,15,126,140,'2023-11-11 03:48:26'),(284,281,15,180,200,'2023-11-11 03:51:49'),(285,282,3,270,300,'2023-11-11 03:53:27'),(286,283,9,424.8,480,'2023-11-11 03:55:15'),(287,284,15,81,90,'2023-11-11 03:58:12'),(288,285,15,108,120,'2023-11-11 04:00:38'),(289,286,16,207,230,'2023-11-11 04:02:51'),(290,287,8,297,330,'2023-11-11 04:04:50'),(291,288,12,162,180,'2023-11-11 17:39:17'),(292,289,12,117,130,'2023-11-11 17:40:42'),(293,290,15,225,250,'2023-11-11 17:41:43'),(294,291,12,117,130,'2023-11-11 17:42:54'),(295,292,15,225,250,'2023-11-11 17:43:48'),(296,293,60,78.75,90,'2023-11-11 17:45:24'),(297,294,12,135,150,'2023-11-11 17:46:16'),(298,295,12,45,50,'2023-11-11 17:48:04'),(299,296,12,72,80,'2023-11-11 17:49:41'),(300,297,12,112.45,130,'2023-11-11 17:50:45'),(301,298,12,207.6,240,'2023-11-11 17:52:06'),(302,299,12,96.8,110,'2023-11-11 17:53:22'),(303,300,12,193.6,220,'2023-11-11 17:59:55'),(304,301,12,207,230,'2023-11-11 18:02:24'),(305,302,12,198,220,'2023-11-11 18:03:42'),(306,303,6,171,190,'2023-11-11 18:04:56'),(307,304,6,117,130,'2023-11-11 18:06:04'),(308,305,12,216,240,'2023-11-11 18:06:56'),(309,306,12,108,120,'2023-11-11 18:08:41'),(310,307,12,207,230,'2023-11-11 18:09:40'),(311,308,3,342,380,'2023-11-11 18:14:34'),(312,309,3,360,400,'2023-11-11 18:16:05'),(313,310,2,630,700,'2023-11-11 18:17:42'),(314,311,20,287.1,330,'2023-11-11 18:19:10'),(315,312,6,360,400,'2023-11-11 18:20:14'),(316,313,8,354.65,410,'2023-11-11 18:21:35'),(317,314,12,90,100,'2023-11-11 18:22:52'),(318,315,48,35.2,40,'2023-11-11 18:24:45'),(319,316,48,35.2,40,'2023-11-11 18:25:37'),(320,317,9,180,200,'2023-11-11 18:35:47'),(321,318,12,156.347,175,'2023-11-11 18:39:51'),(322,319,2,1061.54,1490,'2023-11-11 18:40:53'),(323,320,1,1061.54,1490,'2023-11-11 18:41:33'),(324,321,5,596.667,750,'2023-11-11 18:42:56'),(325,322,12,27.273,30,'2023-11-11 18:44:29'),(326,322,1,0,30,'2023-11-11 18:44:47'),(327,323,28,40.098,50,'2023-11-11 18:45:58'),(328,324,5,508.6,580,'2023-11-11 18:48:08'),(329,325,12,160.492,175,'2023-11-11 18:49:42'),(330,326,12,160.492,175,'2023-11-11 18:50:45'),(331,327,3,136.363,150,'2023-11-11 18:51:57'),(332,328,6,136.363,150,'2023-11-11 18:52:32'),(333,329,3,354.547,390,'2023-11-11 18:53:53'),(334,330,3,354.547,390,'2023-11-11 18:54:47'),(335,331,6,386.363,425,'2023-11-11 18:56:21'),(336,332,6,598.142,650,'2023-11-11 18:58:13'),(337,333,48,69.936,80,'2023-11-11 18:59:51'),(338,334,24,259.091,285,'2023-11-11 19:01:37'),(339,335,24,181.818,200,'2023-11-11 19:02:40'),(340,336,24,104.545,115,'2023-11-11 19:03:54'),(341,337,2,1600,2000,'2023-11-11 19:06:19'),(342,338,2,1600,2000,'2023-11-11 19:07:01'),(343,339,2,1423.79,1700,'2023-11-11 19:08:38'),(344,340,2,1423.79,1700,'2023-11-11 19:10:08'),(345,341,2,1423.79,1700,'2023-11-11 23:05:44'),(346,342,5,401.64,490,'2023-11-11 23:08:22'),(347,343,5,401.64,490,'2023-11-11 23:09:26'),(348,344,2,412.555,460,'2023-11-11 23:11:28'),(349,345,2,412.555,460,'2023-11-11 23:12:27'),(350,346,2,410.47,470,'2023-11-11 23:14:42'),(351,347,2,200.875,230,'2023-11-11 23:15:18'),(352,348,6,305.676,350,'2023-11-11 23:19:49'),(353,349,5,421.524,470,'2023-11-11 23:22:18'),(354,350,3,780.27,870,'2023-11-11 23:26:06'),(355,351,5,439.462,490,'2023-11-11 23:30:43'),(356,352,5,439.462,490,'2023-11-11 23:32:09'),(357,353,3,807.173,900,'2023-11-11 23:33:35'),(358,354,48,340.909,375,'2023-11-11 23:41:14'),(359,355,24,113.636,125,'2023-11-11 23:42:42'),(360,356,24,113.636,125,'2023-11-11 23:43:46'),(361,357,3,314.41,360,'2023-11-11 23:45:12'),(362,358,3,314.41,360,'2023-11-11 23:46:03'),(363,359,3,314.41,360,'2023-11-11 23:46:48'),(364,360,3,314.41,360,'2023-11-11 23:47:40'),(365,361,6,157.205,180,'2023-11-11 23:48:56'),(366,362,5,157.205,180,'2023-11-11 23:49:52'),(367,363,24,259.091,285,'2023-11-12 10:24:40'),(368,364,5,250,300,'2023-11-12 10:27:00'),(369,365,1,698.69,800,'2023-11-12 10:32:07'),(370,366,2,698.69,800,'2023-11-12 10:33:05'),(371,367,2,698.69,800,'2023-11-12 10:33:50'),(372,368,3,666.66,800,'2023-11-12 10:35:13'),(373,369,5,416.66,500,'2023-11-12 10:36:15'),(374,370,5,269.05,300,'2023-11-12 10:38:39'),(375,371,5,313.9,350,'2023-11-12 10:40:13'),(376,372,5,313.9,350,'2023-11-12 10:40:45'),(377,373,3,333.33,400,'2023-11-12 10:42:28'),(378,374,5,416.66,500,'2023-11-12 10:43:47'),(379,375,2,502.18,575,'2023-11-12 10:44:56'),(380,376,2,502.18,575,'2023-11-12 10:45:39'),(381,377,2,502.18,575,'2023-11-12 10:46:11'),(382,378,2,502.18,575,'2023-11-12 10:46:40'),(383,379,3,314.41,360,'2023-11-12 10:47:41'),(384,380,3,314.41,360,'2023-11-12 10:48:14'),(385,381,3,314.41,360,'2023-11-12 10:48:46'),(386,382,3,314.41,360,'2023-11-12 10:49:16'),(387,383,2,487.5,585,'2023-11-12 10:50:38'),(388,384,2,479.16,575,'2023-11-12 10:51:53'),(389,385,3,921.39,1055,'2023-11-12 10:55:47'),(390,386,3,598.25,685,'2023-11-12 10:56:24'),(391,387,2,563.32,645,'2023-11-12 10:57:19'),(392,388,5,524.018,600,'2023-11-12 10:58:33'),(393,389,5,173.8,199,'2023-11-12 11:00:56'),(394,390,5,270.742,310,'2023-11-12 11:14:19'),(395,391,5,618.182,680,'2023-11-12 11:15:49'),(396,392,5,618.182,680,'2023-11-12 11:16:36'),(397,393,5,618.182,680,'2023-11-12 11:17:31'),(398,394,5,618.182,680,'2023-11-12 11:18:16'),(399,395,3,566.66,680,'2023-11-12 11:19:49'),(400,396,3,312.5,375,'2023-11-12 11:21:44'),(401,397,2,666.665,800,'2023-11-12 11:23:21'),(402,398,2,666.665,800,'2023-11-12 11:23:54'),(403,399,3,558.33,670,'2023-11-12 11:24:47'),(404,400,3,666.66,800,'2023-11-12 11:26:36'),(405,401,4,483.33,580,'2023-11-12 11:27:33'),(406,402,3,376.88,450,'2023-11-12 11:28:49'),(407,403,3,376.88,450,'2023-11-12 11:29:26'),(408,404,2,670.015,800,'2023-11-12 11:30:16'),(409,405,2,670.015,800,'2023-11-12 11:30:49'),(410,406,2,670.015,800,'2023-11-12 11:31:39'),(411,407,6,448.43,500,'2023-11-12 11:34:54'),(412,408,6,448.43,500,'2023-11-12 11:35:41'),(413,409,2,916.665,1100,'2023-11-12 11:36:54'),(414,410,2,483.335,580,'2023-11-12 11:37:41'),(415,411,12,136.363,150,'2023-11-12 11:38:39'),(416,412,12,254.545,280,'2023-11-12 11:39:17'),(417,413,24,56.338,60,'2023-11-12 11:49:06'),(418,414,5,328.638,350,'2023-11-12 11:50:11'),(419,415,5,713.616,760,'2023-11-12 11:51:26'),(420,416,12,116.28,130,'2023-11-12 12:30:58'),(421,417,3,608.26,680,'2023-11-12 12:33:00'),(422,418,3,608.26,680,'2023-11-12 12:33:55'),(423,419,1,136,160,'2023-11-12 12:36:25'),(424,420,1,136,160,'2023-11-12 12:37:13'),(425,421,1,136,160,'2023-11-12 12:37:48'),(426,422,1,255,300,'2023-11-12 12:38:28'),(427,423,1,255,300,'2023-11-12 12:38:51'),(428,424,1,255,300,'2023-11-12 12:39:12'),(429,425,1,306,360,'2023-11-12 12:41:01'),(430,426,1,306,360,'2023-11-12 12:41:24'),(431,427,3,212.5,250,'2023-11-12 12:42:20'),(432,428,1,238,280,'2023-11-12 12:43:51'),(433,429,1,425,500,'2023-11-12 12:46:06'),(434,430,1,238,280,'2023-11-12 12:46:43'),(435,431,1,425,500,'2023-11-12 12:47:09'),(436,432,1,238,280,'2023-11-12 12:48:02'),(437,433,1,425,500,'2023-11-12 12:48:24'),(438,434,2,221,260,'2023-11-12 12:49:27'),(439,435,2,238,280,'2023-11-12 12:50:21'),(440,436,2,246.5,290,'2023-11-12 12:51:26'),(441,437,6,102.87,115,'2023-11-12 12:54:39'),(442,437,1,0,115,'2023-11-12 12:54:54'),(443,438,6,102.87,115,'2023-11-12 12:55:47'),(444,416,1,0,130,'2023-11-12 12:56:29'),(445,439,2,235,305,'2023-11-12 13:06:15'),(446,440,3,235,305,'2023-11-12 13:07:12'),(447,441,3,235,305,'2023-11-12 13:08:34'),(448,442,1,245,315,'2023-11-12 13:09:12'),(449,443,1,905,1175,'2023-11-12 13:10:01'),(450,444,2,905,1175,'2023-11-12 13:10:34'),(451,445,2,905,1175,'2023-11-12 13:10:58'),(452,446,1,940,1225,'2023-11-12 13:11:28'),(453,447,1,1630,1985,'2023-11-12 13:12:27'),(454,448,1,320,430,'2023-11-12 13:13:19'),(455,449,1,510,690,'2023-11-12 13:14:16'),(456,450,5,87,100,'2023-11-12 13:27:28'),(457,451,3,131,150,'2023-11-12 13:28:12'),(458,452,2,307,350,'2023-11-12 13:28:59'),(459,453,3,260,300,'2023-11-12 13:29:51'),(460,454,224,8,10,'2023-11-12 13:31:28'),(461,455,10,65,80,'2023-11-12 13:32:34'),(462,456,10,65,80,'2023-11-12 13:33:05'),(463,457,3,328,400,'2023-11-12 13:34:44'),(464,458,3,328,400,'2023-11-12 13:35:14'),(465,459,190,8.158,10,'2023-11-12 13:37:01'),(466,460,60,21.25,25,'2023-11-12 13:38:01'),(467,461,225,4.444,5,'2023-11-12 13:39:41'),(468,462,150,4,5,'2023-11-12 13:40:41'),(469,463,5,128,150,'2023-11-12 13:41:32'),(470,464,48,9,10,'2023-11-12 13:44:09'),(471,465,12,36,40,'2023-11-12 14:20:06'),(472,466,12,54,60,'2023-11-12 14:20:33'),(473,467,6,90,100,'2023-11-12 14:20:59'),(474,468,6,144,160,'2023-11-12 14:21:30'),(475,469,3,207,230,'2023-11-12 14:22:03'),(476,470,12,108,120,'2023-11-12 14:22:36'),(477,471,3,225,250,'2023-11-12 14:23:08'),(478,472,3,405,450,'2023-11-12 14:23:39'),(479,473,6,108,120,'2023-11-12 14:24:07'),(480,474,24,9,10,'2023-11-12 14:26:20'),(481,475,12,18,20,'2023-11-12 14:27:07'),(482,476,12,18,20,'2023-11-12 14:28:05'),(483,477,12,54,60,'2023-11-12 14:28:37'),(484,478,6,108,120,'2023-11-12 14:29:26'),(485,479,6,63,70,'2023-11-12 14:29:49'),(486,480,6,216,240,'2023-11-12 14:30:09'),(487,481,24,27,30,'2023-11-12 14:31:42'),(488,482,24,45,50,'2023-11-12 14:33:23'),(489,483,12,90,100,'2023-11-12 14:33:59'),(490,484,3,207,230,'2023-11-12 14:34:58'),(491,485,6,108,120,'2023-11-12 14:35:27'),(492,486,6,207,230,'2023-11-12 14:36:00');
/*!40000 ALTER TABLE `incoming_stock` ENABLE KEYS */;
UNLOCK TABLES;

--
-- Table structure for table `invoice`
--

DROP TABLE IF EXISTS `invoice`;
/*!40101 SET @saved_cs_client     = @@character_set_client */;
/*!40101 SET character_set_client = utf8 */;
CREATE TABLE `invoice` (
  `invoice_id` int(11) NOT NULL AUTO_INCREMENT,
  `date_time` datetime NOT NULL,
  `subtotal` double NOT NULL,
  `discount` double NOT NULL,
  `total` double NOT NULL,
  `payment_type` tinytext NOT NULL,
  `due` double NOT NULL,
  `paid` double NOT NULL,
  PRIMARY KEY (`invoice_id`)
) ENGINE=InnoDB AUTO_INCREMENT=45 DEFAULT CHARSET=utf8mb4 COLLATE=utf8mb4_general_ci;
/*!40101 SET character_set_client = @saved_cs_client */;

--
-- Dumping data for table `invoice`
--

LOCK TABLES `invoice` WRITE;
/*!40000 ALTER TABLE `invoice` DISABLE KEYS */;
/*!40000 ALTER TABLE `invoice` ENABLE KEYS */;
UNLOCK TABLES;

--
-- Table structure for table `invoice_details`
--

DROP TABLE IF EXISTS `invoice_details`;
/*!40101 SET @saved_cs_client     = @@character_set_client */;
/*!40101 SET character_set_client = utf8 */;
CREATE TABLE `invoice_details` (
  `id` int(11) NOT NULL AUTO_INCREMENT,
  `invoice_id` int(11) NOT NULL,
  `stock_id` int(11) NOT NULL,
  `qty` int(11) NOT NULL,
  PRIMARY KEY (`id`)
) ENGINE=InnoDB AUTO_INCREMENT=204 DEFAULT CHARSET=utf8mb4 COLLATE=utf8mb4_general_ci;
/*!40101 SET character_set_client = @saved_cs_client */;

--
-- Dumping data for table `invoice_details`
--

LOCK TABLES `invoice_details` WRITE;
/*!40000 ALTER TABLE `invoice_details` DISABLE KEYS */;
/*!40000 ALTER TABLE `invoice_details` ENABLE KEYS */;
UNLOCK TABLES;

--
-- Table structure for table `product`
--

DROP TABLE IF EXISTS `product`;
/*!40101 SET @saved_cs_client     = @@character_set_client */;
/*!40101 SET character_set_client = utf8 */;
CREATE TABLE `product` (
  `pid` int(11) NOT NULL AUTO_INCREMENT,
  `barcode` varchar(1000) NOT NULL,
  `product` varchar(200) NOT NULL,
  `catid` int(11) NOT NULL,
  `description` varchar(200) DEFAULT NULL,
  PRIMARY KEY (`pid`)
) ENGINE=InnoDB AUTO_INCREMENT=487 DEFAULT CHARSET=utf8mb4 COLLATE=utf8mb4_general_ci;
/*!40101 SET character_set_client = @saved_cs_client */;

--
-- Dumping data for table `product`
--

LOCK TABLES `product` WRITE;
/*!40000 ALTER TABLE `product` DISABLE KEYS */;
INSERT INTO `product` VALUES (22,'4791111100302','Baby Cheramy 70g',25,'Baby Cheramy 70g'),(23,'4792081026425','Pears Chooty Pack 70g',25,'Pears Chooty Pack 70g'),(24,'4792054016736','Rathmal Baby Soap 60g',26,'Rathmal Baby Soap 60g'),(25,'4792068132231','Rani Soap 90g',26,'Rani Soap 90g'),(26,'4791111153186','Velvet Cutie 70g',26,'Velvet Cutie 70g'),(27,'4792081031580','Lux Soap 70g',26,'Lux Soap 70g'),(28,'4792068131135','Khomba Soap 90g',26,'Khomba Soap 90g'),(29,'4796000523620','Calin Red 80g',25,'Calin Red 80g'),(30,'4796000523774','Calin Khomba 80g',25,'Calin Khomba 80g'),(31,'4796000523590','Calin Rose 80g',25,'Calin Rose 80g'),(32,'4796000523583','Calin White 80g',25,'Calin White 80g'),(33,'4796000523613','Calin Sandalwood 80g',25,'Calin Sandalwood 80g'),(34,'4792081025978','Lifebuoy 100g',25,'Lifebuoy 100g'),(35,'4792081023509','Sunlight 3 Pack (110g)',25,'Sunlight 3 Pack (110g)'),(36,'4792081023493','Sunlight 110g',25,'Sunlight 110g'),(37,'4796005650550','Vim 100g',25,'Vim 100g'),(38,'4796005657412','Vim 3 Pack 100g',25,'Vim 3 Pack 100g'),(39,'4796005676956','Vim Podda 50g',25,'Vim Podda 50g'),(40,'4792081029327','Signal 70g',25,'Signal 70g'),(41,'4796005678592','Signal + Brush Pack',25,'Signal + Brush Pack'),(42,'4791111102030','Clogard Tooth Paste 120g',25,'Clogard Tooth Paste 120g'),(43,'4791111102054','Clogard Tooth Paste 160g',25,'Clogard Tooth Paste 160g'),(44,'4792022090249','Sudantha Tooth Paste 120g',25,'Sudantha Tooth Paste 120g'),(45,'4792125311234','Vendol T&G 80g',25,'Vendol T&G 80g'),(46,'4791111102016','Clogard Tooth Paste 40g',25,'Clogard Tooth Paste 40g'),(47,'4791111102023','Clogard Tooth Paste 70g',25,'Clogard Tooth Paste 70g'),(48,'4792172005643','Supirivicky Tooth Paste 110g',25,'Supirivicky Tooth Paste 110g'),(49,'4792149602004','Ravan Black Hair',25,'Ravan Black Hair Colour Liquid'),(50,'4796022661980','Abha Black Henna Lq',25,'Abha Black Henna Lq'),(51,'4792081023578','Wonderlight Soap 110g',25,'Wonderlight Soap 110g'),(52,'4792037107703','Harpic 200ml',25,'Harpic 200ml'),(53,'4792037107741','Harpic 500ml',25,'Harpic 500ml'),(54,'4792099010898','IODEX HeadFast 9g',25,'IODEX HeadFast 9g'),(55,'4796005660030','Vim Dish Wash 250ml',25,'Vim Dish Wash 250ml'),(56,'4796019200024','Supirisidu Tile Cleaner 500ml',25,'Supirisidu Tile Cleaner 500ml'),(57,'4791111107028','Dandex Shampoo 80ml',24,'Dandex Shampoo 80ml'),(59,'4792081032181','Sunsilk Shampoo 80ml',24,'Sunsilk Shampoo 80ml'),(61,'4791111144092','Dandex Shampoo VE 40ml',24,'Dandex Shampoo VE 40ml'),(62,'4791111144085','Dandex Shampoo KA 40ml',24,'Dandex Shampoo KA 40ml'),(63,'4791111144078','Dandex Shampoo CA 40ml',24,'Dandex Shampoo CA 40ml'),(64,'4792081029365','Sunsilk Shampoo Y 40ml',24,'Sunsilk Shampoo Y 40ml'),(65,'4792081031993','Sunsilk Shampoo O 40ml',24,'Sunsilk Shampoo O 40ml'),(66,'4792081029624','Lifebuoy Shampoo 40ml',24,'Lifebuoy Shampoo 40ml'),(67,'4792081032655','Lifebuoy Shampoo B 80ml',24,'Lifebuoy Shampoo B 80ml'),(68,'4792081032204','Lifebuoy Shampoo P 80ml',24,'Lifebuoy Shampoo P 80ml'),(69,'4791010003322','Amritha Sticks Jasmine 25g',24,'Amritha Sticks Jasmine 25g'),(70,'4791010003209','Amritha Sticks Green 25g',24,'Amritha Sticks Green 25g'),(71,'4791010007504','Amritha Sticks Floral 25g',24,'Amritha Sticks Floral 25g'),(72,'72041953','Candles Monara',26,'Candles Monara'),(73,'4797001016609','Soorya Match Box',25,'Soorya Match Box'),(74,'4792037130923','Mortein Spray 600ml',25,'Mortein Spray 600ml'),(75,'4792037130688','Mortein Spray 250ml',25,'Mortein Spray 250ml'),(76,'76043109','Orchid Paper Serviettes',25,'Orchid Paper Serviettes'),(77,'4791111180137','Diva Washing Powder 45g',25,'Diva Washing Powder 45g'),(78,'4791111180465','Diva Washing Powder 700g',25,'Diva Washing Powder 700g'),(79,'4796005678479','Rin Washing Powder 40g',25,'Rin Washing Powder 40g'),(80,'4796005669804','Sunlight Washing Powder 1kg',25,'Sunlight Washing Powder 1kg'),(81,'4796005669835','Sunlight Washing Powder 200g',25,'Sunlight Washing Powder 200g'),(82,'4791111180014','Diva Washing Powder 200g',25,'Diva Washing Powder 200g'),(83,'4796000523415','Calin Washing Powder 50g',25,'Calin Washing Powder 50g'),(84,'4791085292959','Raththi Kiri The 200g',25,'Raththi Kiri The 200g'),(85,'4796005674556','Rin Washing Powder 500g',25,'Rin Washing Powder 500g'),(86,'4796005669828','Sunlight Washing Powder 400g',25,'Sunlight Washing Powder 400g'),(87,'4791085292928','Raththi Kiri The 400g',25,'Raththi Kiri The 400g'),(88,'4792024015783','Maggi Tikiri 40g',25,'Maggi Tikiri 40g'),(89,'4792149027036','Raigam Soya Prawn 100g',25,'Raigam Soya Prawn 100g'),(90,'4792149014050','Raigam Soya Blue 50g',25,'Raigam Soya Blue 50g'),(91,'4792149027104','Raigam Soya Kiri Kos 60g',25,'Raigam Soya Kiri Kos 60g'),(92,'4792149011226','Raigam Soya Cuttle Fish 110g',25,'Raigam Soya Cuttle Fish 110g'),(93,'4792149010618','Raigam Soya Curry Rasa 90g',25,'Raigam Soya Curry Rasa 90g'),(94,'4792024015646','Maggi Noodles Chicken Flavor 73g',25,'Maggi Noodles Chicken Flavor 73g'),(95,'4792024013239','Maggi Rasamusu 6g',25,'Maggi Rasamusu 6g'),(96,'4791085292911','Raththi Red Cow 400g',25,'Raththi Red Cow 400g'),(97,'4792024016216','Nestomalt 175g',25,'Nestomalt 175g'),(98,'4792024016131','Nestomalt 400g',25,'Nestomalt 400g'),(99,'4791085292980','Raththi 200g',25,'Raththi 200g'),(100,'4792024018302','Nestomalt 300g',25,'Nestomalt 300g'),(101,'4791085011079','Anchor 400g',25,'Anchor 400g'),(102,'4791085081072','Raththi 400g',25,'Raththi 400g'),(103,'4791085171070','Anlene 400g',25,'Anlene 400g'),(104,'4797001036720','Suposha 250g',25,'Suposha 250g'),(105,'4792024016193','Nestomalt 28g',25,'Nestomalt 28g'),(106,'4792018233131','Prima Kottu Mee 80g',25,'Prima Kottu Mee 80g'),(107,'107070945','Nespray 18g',25,'Nespray 18g'),(108,'4792018233681','Prima Special 325g',25,'Prima Special 325g'),(109,'4796004100223','Star Gold Pasta 400g',25,'Star Gold Pasta 400g'),(110,'4792024000383','Maggi Seasoning Powder 500g',25,'Maggi Seasoning Powder 500g (Stock Powder)'),(111,'4797001015183','Rayin String Hopper Flour 1kg',25,'Rayin String Hopper Flour 1kg'),(112,'4793002131006','Ocean Jack Mackerel 425g',25,'Ocean Jack Mackerel 425g (Salmon)'),(113,'4792099010805','Panadol Tablet',25,'Panadol Tablet'),(114,'4792099010201','Panadol liquid 100ml',25,'Panadol liquid 100ml'),(115,'4792000014113','Morison Gripe Mixture 100ml',25,'Morison Gripe Mixture 100ml. Infant Carminative Syrup'),(116,'4796025380178','Astra 40g',25,'Astra 40g'),(117,'117081028','Astra Buddy 18g',25,'Astra Buddy 18g'),(118,'4797001036737','Suposha 750g',25,'Suposha 750g'),(119,'4792024011754','Milo 180ml',25,'Milo 180ml'),(120,'4791111143491','Cotton Buds BC 100 Pieces',25,'Baby Cheramy Cotton Buds 100 Pieces'),(121,'4796005673245','Know Chicken Cube 10g',25,'Know Chicken Cube 10g'),(122,'122085350','Umbalakada 100g Bottle',25,'Umbalakada (Maldive Fish) 100g Bottle'),(123,'123085933','Milk Shorties Biscuit 200g',25,'Milk Shorties Biscuit 200g + 20g'),(124,'4792081021116','Signal Fighter Brush',25,'Signal Fighter Brush'),(125,'4791010002066','Denta Comfort Tooth Brush',25,'Denta Comfort Tooth Brush'),(126,'4791111102603','Clogard Tooth Brush',25,'Clogard Tooth Brush'),(127,'8901358702443','Razor Gillette Blue II',25,'Razor Gillette Blue II'),(128,'8720608620463','Laojee 100g Packet',25,'Laojee 100g Packet'),(129,'129095317','Paththara',25,'Paththara'),(130,'130095408','Sudu Paththara',25,'Sudu Paththara'),(131,'131095508','China Paththara',25,'China Paththara'),(132,'132100925','Chili Powder 1Kg Lankan Choice',25,'Chili Powder 1Kg Lankan Choice (Miris Kudu)'),(133,'133101053','Chili Pieces Lankan Choice 1 Kg',25,'Chili Pieces Lankan Choice 1 Kg (Kaali Miris)'),(134,'134101847','Kurundu Pothu 25g (Cinnoman)',25,'Kurundu Pothu 25g (Cinnoman)'),(135,'135101941','Kurundu Pothu 50g (Cinnoman)',25,'Kurundu Pothu 50g (Cinnoman)'),(136,'136105718','Shopping Bag Small',25,'Shopping Bag Small'),(137,'137122500','Neth Nadu 5Kg',25,'Neth Nadu 5Kg'),(138,'138122552','Neth Nadu 10Kg',25,'Neth Nadu 10Kg'),(139,'139122855','Kakulu Hal 5Kg',25,'Kakulu Hal 5Kg'),(140,'140123241','Kakulu Hal 10Kg',25,'Kakulu Hal 10Kg'),(141,'141123452','Wasala Samba 5Kg',25,'Wasala Samba 5Kg'),(142,'142123906','Shopping Bag Large Pack',25,'Shopping Bag Large Pack'),(143,'143124234','Grocery Bag 7*10',25,'Grocery Shopping Bag 7*10'),(144,'144124344','Grocery Bag 5*7',25,'Grocery Shopping Bag 5*7'),(145,'4792081029433','Signal Tooth Paste 40g',25,'Signal Tooth Paste 40g'),(146,'4796005673986','Know Umbalakada Powder',25,'Know Umbalakada Powder'),(147,'4796015293211','Dearo Men Aquatic Fresh 25ml',24,'Dearo Men Aquatic Fresh 25ml'),(148,'4796015293235','Dearo Women Fresh Petals 25ml',24,'Dearo Women Fresh Petals 25ml'),(149,'4796015293228','Dearo Women Invisible Guardian 25ml',24,'Dearo Women Invisible Guardian 25ml'),(150,'4796015293242','Dearo Unisex Cool & Fresh 25ml',24,'Dearo Unisex Cool & Fresh 25ml'),(151,'4796015293266','Dearo Sport Fresh Booster 25ml',24,'Dearo Sport Fresh Booster 25ml'),(152,'4796015293259','Dearo Teen Sensation 25ml',24,'Dearo Teen Sensation 25ml'),(153,'4796015294751','Dearo Men Fresh Wind 25ml',24,'Dearo Men Fresh Wind 25ml'),(154,'4796015293150','Dearo Men Aquatic Fresh 50ml',24,'Dearo Men Aquatic Fresh 50ml'),(155,'4796015293181','Dearo Women Fresh Petals 50ml',24,'Dearo Women Fresh Petals 50ml'),(156,'4796015293174','Dearo Women Invisible Guardian 50ml',24,'Dearo Women Invisible Guardian 50ml'),(157,'4796015293167','Dearo Unisex Cool & Fresh 50ml',24,'Dearo Unisex Cool & Fresh 50ml'),(158,'4796015293204','Dearo Sporty Fresh Booster 50ml',24,'Dearo Sporty Fresh Booster 50ml'),(159,'4796015293198','Dearo Teens Sensation 50ml',24,'Dearo Teens Sensation 50ml'),(160,'4796015294744','Dearo Men Fresh Wind 50ml',24,'Dearo Men Fresh Wind 50ml'),(161,'4796015290067','Bellose Perfect Straight Shampoo 250ml',24,'Bellose Perfect Straight Shampoo 250ml'),(162,'4796015290128','Bellose Anti Dandruff Shampoo 250ml',24,'Bellose Anti Dandruff Shampoo 250ml'),(163,'4796015290098','Bellose Power Moisture Shampoo 250ml',24,'Bellose Power Moisture Shampoo 250ml'),(164,'4796015290081','Bellose Intense Repair Shampoo 250ml',24,'Bellose Intense Repair Shampoo 250ml'),(165,'4796015293136','Bellose Hair Loss Control Shampoo 250ml',24,'Bellose Hair Loss Control Shampoo 250ml'),(166,'4796015290562','Bellose 5 Min Hair Color Men 20ml',24,'Bellose 5 Min Hair Color Men 20ml'),(167,'4796015292948','Bellose 5 Min Hair Color Women 30ml',24,'Bellose 5 Min Hair Color Women 30ml'),(168,'4796015290135','Bellose Keratin Shampoo 500ml',24,'Bellose Keratin Shampoo 500ml'),(169,'4796015290197','Bellose Keratin Conditioner 500ml',24,'Bellose Keratin Conditioner 500ml'),(170,'4796015290227','Bellose Silicon Hair Treatment 25ml',24,'Bellose Silicon Hair Treatment 25ml'),(171,'4796015290210','Bellose Silicon Hair Treatment 50ml',24,'Bellose Silicon Hair Treatment 50ml'),(172,'4796015290241','Bellose Smooth Intense Conditioner 250ml',24,'Bellose Smooth Intense Conditioner 250ml'),(173,'4796015290173','Bellose Nutri Protect Conditioner 250ml',24,'Bellose Nutri Protect Conditioner 250ml'),(174,'4796015290166','Bellose Extreme Repair Conditioner 250ml',24,'Bellose Extreme Repair Conditioner 250ml'),(175,'4796015292511','Bellose Keratin Shampoo 100ml (Pouch)',24,'Bellose Keratin Shampoo 100ml (Pouch)'),(176,'04706015290531','Bellose Keratin Shampoo 150ml',24,'Bellose Keratin Shampoo 150ml'),(177,'4796015290463','Bellose Power Moisture 150ml',24,'Bellose Power Moisture 150ml'),(178,'4796015290456','Bellose Intense Repair 150ml',24,'Bellose Intense Repair 150ml'),(179,'4796015293693','Bellose Hair Loss Control 150ml',24,'Bellose Hair Loss Control 150ml'),(180,'4796015293556','Bellose Anti Dandruff  150ml',24,'Bellose Anti Dandruff  150ml'),(181,'4796015290500','Bellose Smooth Intense 150ml',24,'Bellose Smooth Intense 150ml'),(182,'4796000760704','Asiri Cocktail Mixture 30g',25,'Asiri Cocktail Mixture 30g'),(183,'4796000760315','Asiri Cocktail Mixture 60g',25,'Asiri Cocktail Mixture 60g'),(184,'4796000760117','Asiri Cocktail Mixture 100g',25,'Asiri Cocktail Mixture 100g'),(185,'4796000760124','Asiri Cocktail Mixture 200g',25,'Asiri Cocktail Mixture 200g'),(186,'4796000761008','Asiri Hot Mix 60g',25,'Asiri Hot Mix 60g'),(187,'4796000760421','Asiri Devilled Gram 75g',25,'Asiri Devilled Gram 75g'),(188,'4796000760636','Asiri Devilled Dhal 100g',25,'Asiri Devilled Dhal 100g'),(189,'4796000761275','Asiri Rice Craker 50g',25,'Asiri Rice Craker 50g'),(190,'4796000761251','Asiri RF Garlic 50g',25,'Asiri RF Garlic 50g'),(191,'4796000761244','Asiri RF Onion 50g',25,'Asiri RF Onion 50g'),(192,'4796000761190','Asiri Salted Peanuts 90g',25,'Asiri Salted Peanuts 90g'),(193,'4796000760698','Asiri Devilled Peanuts 40g',25,'Asiri Devilled Peanuts 40g'),(194,'4796000760414','Asiri Devilled Peanuts 90g',25,'Asiri Devilled Peanuts 90g'),(195,'4796000761237','Asiri R/F Garlic 25g',25,'Asiri R/F Garlic 25g'),(196,'4796000761060','Asiri salted Peanuts 40g',25,'Asiri salted Peanuts 40g'),(197,'4796000761220','Asiri R/F Onion 25g',25,'Asiri R/F Onion 25g'),(198,'4796000761138','Asiri Banana Chips 50g',25,'Asiri Banana Chips 50g'),(199,'4796000760889','Asiri Cassava Chips 50g',25,'Asiri Cassava Chips 50g'),(200,'4796000761282','Asiri Cochchi Coated Peanut 80g',25,'Asiri Cochchi Coated Peanut 80g'),(201,'4796000761305','Asiri Masala Coated Peanut 80g',25,'Asiri Masala Coated Peanut 80g'),(202,'4796000760155','Asiri Sweet Peanuts 100g',25,'Asiri Sweet Peanuts 100g'),(203,'4796000760711','Asiri Devilled Dhal 40g',25,'Asiri Devilled Dhal 40g'),(204,'4796000760346','Asiri Dry Roasted Peanuts 80g',25,'Asiri Dry Roasted Peanuts 80g'),(205,'4792551000016','Motha Jelly Strawberry 100g',25,'Motha Jelly Strawberry 100g'),(206,'4792551000313','Motha Jelly Orange 100g',25,'Motha Jelly Orange 100g'),(207,'4792551000108','Motha Jelly Apple 100g',25,'Motha Jelly Apple 100g'),(208,'4792551000047','Motha Jelly Blackcurrant 100g',25,'Motha Jelly Blackcurrant 100g'),(209,'4792551000405','Motha Jelly Mixed Fruit 100g',25,'Motha Jelly Mixed Fruit 100g'),(210,'4792551000436','Motha Jelly Blueberry 100g',25,'Motha Jelly Blueberry 100g'),(211,'4792551010237','Motha Jelly Faluda Rose 100g',25,'Motha Jelly Faluda Rose 100g'),(212,'4792551032017','Motha Gelatine 30g',25,'Motha Gelatine 30g'),(213,'4792551036039','Motha Baking Powder 100g',25,'Motha Baking Powder 100g'),(214,'4792551036022','Motha Baking Powder 50g',25,'Motha Baking Powder 50g'),(215,'4792551033014','Motha Cocoa Powder 50g',25,'Motha Cocoa Powder 50g'),(216,'4792551031010','Motha Corn Flour 100g',25,'Motha Corn Flour 100g'),(217,'4792551010138','Motha Custard Powder Vanilla 100g',25,'Motha Custard Powder Vanilla 100g'),(218,'4792551000566','Motha Jelly Mixed Fruit 50g',25,'Motha Jelly Mixed Fruit 50g'),(219,'4792551000467','Motha Jelly Strawberry 50g',25,'Motha Jelly Strawberry 50g'),(220,'4792551000498','Motha Jelly Apple 50g',25,'Motha Jelly Apple 50g'),(221,'8901499008169','Kellogg\'s Chocos 24g',25,'Kellogg\'s Chocos 24g'),(222,'4792020311087','Delmege Premium Essence Vanilla 28ml',25,'Delmege Premium Essence Vanilla 28ml'),(223,'8000500366790','Ferrero Tic Tac Seeds Green 7.2g',25,'Ferrero Tic Tac Seeds Green 7.2g'),(224,'8000500367599','Ferrero Tic Tac Seeds White 7.2g',25,'Ferrero Tic Tac Seeds White 7.2g'),(225,'4792173010035','Wijaya Chilli Powder  500g',25,'Wijaya Chilli Powder  500g'),(226,'4792173000036','Wijaya Chilli Pieces  500g',25,'Wijaya Chilli Pieces  500g'),(227,'4792173010004','Wijaya Chilli Powder  50g',25,'Wijaya Chilli Powder  50g'),(228,'4792173010011','Wijaya Chilli Powder  100g',25,'Wijaya Chilli Powder  100g'),(229,'4792173010028','Wijaya Chilli Powder  250g',25,'Wijaya Chilli Powder  250g'),(230,'4792173020003','Wijaya Curry Powder  50g',25,'Wijaya Curry Powder  50g'),(231,'4792173020010','Wijaya Curry Powder  100g',25,'Wijaya Curry Powder  100g'),(232,'4792173000005','Wijaya Chilli Pieces  50g',25,'Wijaya Chilli Pieces  50g'),(233,'4792173000012','Wijaya Chilli Pieces  100g',25,'Wijaya Chilli Pieces  100g'),(234,'4792173000029','Wijaya Chilli Pieces  250g',25,'Wijaya Chilli Pieces  250g'),(235,'4792173680719','Wijaya Pepper Powder  25g',25,'Wijaya Pepper Powder  25g'),(236,'4792173040001','Wijaya Pepper Powder  50g',25,'Wijaya Pepper Powder  50g'),(237,'4792173060009','Wijaya R CurryPowder 50g',25,'Wijaya R CurryPowder 50g'),(238,'4792173050000','Wijaya M CurryPowder  50g',25,'Wijaya M CurryPowder  50g'),(239,'4792173680863','Wijaya M CurryPowder  100g',25,'Wijaya M CurryPowder  100g'),(240,'4792173040018','Wijaya Pepper Powder 100g',25,'Wijaya Pepper Powder 100g'),(241,'4792173680702','Wijaya Tumeric Powder 25g',25,'Wijaya Tumeric Powder 25g'),(242,'4792173030002','Wijaya Tumeric Powder 50g',25,'Wijaya Tumeric Powder 50g'),(243,'4792173030019','Wijaya Tumeric Powder 100g',25,'Wijaya Tumeric Powder 100g'),(244,'4792173090075','Wijaya Coffee Powder 20g',25,'Wijaya Coffee Powder 20g'),(245,'4792173090006','Wijaya Coffee Powder 50g',25,'Wijaya Coffee Powder 50g'),(246,'4792173100033','Wijaya Noodles 500g',25,'Wijaya Noodles 500g'),(247,'4792173100088','Wijaya SP Noodles 400g',25,'Wijaya Noodles 400g '),(248,'4792173080052','Wijaya Papadam 70g',25,'Wijaya Papadam 70g'),(249,'4792090000546','Kotmale Fresh Milk Full Cream 1L',25,'Fresh Milk Full Cream. UHT BRICK 1L '),(250,'4792090100635','Kotmale Vanilla Flavoured Milk 1L',25,'Kotmale Vanilla Flavoured Milk 1L'),(251,'4792090100628','Kotmale Chocolate Flavoured Milk 1L',25,'Kotmale Chocolate Flavoured Milk 1L'),(252,'4792085001343','Kotmale Faluda Flavoured Milk 1L',25,'Kotmale Faluda Flavoured Milk 1L'),(253,'4792085001862','Kotmale Ice Coffee 1L',25,'Kotmale Ice Coffee 1L'),(254,'4792090100604','Kotmale Fresh Milk 180ml',25,'Kotmale Fresh Milk 180ml'),(255,'4792085018280','Kotmale Vanilla 180ml',25,'Kotmale Vanilla 180ml'),(256,'4792085018273','Kotmale Chocolate 180ml',25,'Kotmale Chocolate 180ml'),(257,'4792090000539','Kotmale Chox 180ml',25,'Kotmale Chox 180ml'),(258,'4792085001398','Kotmale Faluda 180ml',25,'Kotmale Faluda 180ml'),(259,'4792085001350','Kotmale Ice Coffee 180ml',25,'Kotmale Ice Coffee 180ml'),(260,'4792090120008','Kotmale Vanilla Pouch 180ml',25,'Kotmale Vanilla Pouch 180ml'),(261,'4792090120015','Kotmale Chocolate Pouch 180ml',25,'Kotmale Chocolate Pouch 180ml'),(262,'4792083040122','Harischandra Coffee 50g',25,'Harischandra Coffee 50g'),(263,'4792083050435','Harischandra Papadam 70g',25,'Harischandra Papadam 70g'),(264,'4792083000324','Harischandra Kurakkan Flour 400g',25,'Harischandra Kurakkan Flour 400g'),(265,'4792083000119','Harischandra Ulundu Flour 200g',25,'Harischandra Ulundu Flour 200g'),(266,'4792083000225','Harischandra Rice Flour 400g',25,'Harischandra Rice Flour 400g'),(267,'4792083010118','Harischandra Plain Noodles 400g',25,'Harischandra Plain Noodles 400g'),(268,'4792083010316','Harischandra Special Noodles 400g',25,'Harischandra Special Noodles 400g'),(269,'4792083086069','Harischandra Hopper Mixture 400g',25,'Harischandra Hopper Mixture 400g'),(270,'4792083030406','Harischandra String Hopper Mixture 700g',25,'Harischandra String Hopper Mixture 700g'),(271,'4792083030390','Harischandra Red String Hopper Mixture 700g',25,'Harischandra Red String Hopper Mixture 700g'),(272,'4792083030383','Aththora Soap 70g',25,'Harischandra Aththora Soap 70g. Aththora Saban'),(273,'4792083030352','Saman Soap 70g',25,'Harischandra Saman Soap 70g. '),(274,'4792135020003','Uswatte T/Tip Cheese 10g',25,'Uswatte T/Tip Cheese 10g'),(275,'4792135020010','Uswatte T/Tip Onion 10g',25,'Uswatte T/Tip Onion 10g'),(276,'4792135010226','Uswatte Wafers Crunchy C 200g',25,'Uswatte Wafers Crunchy Chocolate 200g '),(277,'4792135010172','Uswatte Wafers Crunchy V 200g',25,'Uswatte Wafers Crunchy Vanilla 200g '),(278,'4792135000012','Uswatte Gl/rasa 40g',25,'Uswatte Gl/rasa Glucorasa 40g'),(279,'4792135010288','Uswatte Wafers Family V 400g',25,'Uswatte Wafers Family Vanilla 400g'),(280,'8888101430153','Munchee Super Cream Cracker 125g',25,'Munchee Super Cream Cracker 125g'),(281,'8888101430337','Munchee Super Cream Cracker 190g',25,'Munchee Super Cream Cracker 190g'),(282,'8888101430092','Munchee Super Cream Cracker 300g',25,'Munchee Super Cream Cracker 300g'),(283,'8888101430115','Munchee Super Cream Cracker 490g',25,'Munchee Super Cream Cracker 490g'),(284,'8888101430276','SCC Handy pack 85g',25,'Munchee Super Cream Cracker Handy pack 85g'),(285,'8888101430191','SCC Handy Pack 120g',25,'Munchee Super Cream Cracker Handy Pack 120g'),(286,'8888101430399','SCC Handy pack 230g',25,'Munchee Super Cream Cracker Handy pack 230g'),(287,'8888101430085','SSC Handy pack 330g',25,'Munchee Super Cream Cracker Handy pack 330g'),(288,'8888101449209','Munchee Potato Cracker 110g',25,'Munchee Potato Cracker 110g'),(289,'8888101090203','Munchee Lemon Puff 100g',25,'Munchee Lemon Puff 100g'),(290,'8888101090401','Munchee Lemon Puff 200g',25,'Munchee Lemon Puff 200g'),(291,'8888101271206','Munchee Chocolate Puff 100g',25,'Munchee Chocolate Puff 100g'),(292,'8888101271404','Munchee Chocolate Puff 200g',25,'Munchee Chocolate Puff 200g'),(293,'8888101280208','Munchee Tikiri marie 80g',25,'Munchee Tikiri marie 80g'),(294,'8888101280550','Munchee Tikiri marie 145g',25,'Munchee Tikiri marie 145g'),(295,'8888101287238','Munchee Lite marie 50g',25,'Munchee Lite marie 50g'),(296,'4792192848206','Munchee Chocolate Cream 65g',25,'Munchee Chocolate Cream 65g'),(297,'8888101270018','Munchee Chocolate Cream 100g',25,'Munchee Chocolate Cream 100g'),(298,'4792192845366','Munchee Chocolate Cream 210g',25,'Munchee Chocolate Cream 210g'),(299,'8888101020200','Munchee Nice Biscuits 100g',25,'Munchee Nice Biscuits 100g '),(300,'8888101570408','Munchee Ginger Biscuits 200g',25,'Munchee Ginger Biscuits 200g'),(301,'4792192845809','Munchee Tikiri marie 230g',25,'Munchee Tikiri marie 230g'),(302,'4792192845823','Munchee Chocolate marie 200g',25,'Munchee Chocolate marie 200g'),(303,'8888101931193','Munchee Tifin Onion 125g',25,'Munchee Tifin Onion 125g'),(304,'8888101080204','Munchee Hawaian Cookies 100g',25,'Munchee Hawaian Cookies 100g'),(305,'8888101080402','Munchee Hawaian Cookies 200g',25,'Munchee Hawaian Cookies 200g'),(306,'8888101030278','Munchee Milk Short Biscuits 85g',25,'Munchee Milk Short Biscuits 85g'),(307,'8888101030407','Munchee Milk Short Biscuits 200g',25,'Munchee Milk Short Biscuits 200g'),(308,'8888101613709','Munchee Onion Biscuits 170g',25,'Munchee Onion Biscuits 170g'),(309,'8888101611705','Munchee Cheese Button 170g',25,'Munchee Cheese Button 170g'),(310,'8888101613808','Munchee Onion Biscuits Tin 250g',25,'Munchee Onion Biscuits Tin 250g'),(311,'8888101280109','Munchee Tikiri Marie 360g',25,'Munchee Tikiri Marie 360g'),(312,'8888101281106','Munchee Chocolate Marie 400g',25,'Munchee Chocolate Marie 400g'),(313,'4792192851701','Munchee Chocolate Cream Biscuits 365g',25,'Munchee Chocolate Cream Biscuits 365g'),(314,'4792192845427','Munchee Chock Shock 30g',25,'Munchee Chock Shock 30g'),(315,'4792192839006','Munchee Wafer Stick Strawberry 20g',25,'Munchee Wafer Stick Strawberry 20g'),(316,'4792192838009','Munchee Wafer Stick Chocolate 20g',25,'Munchee Wafer Stick Chocolate 20g'),(317,'4792192846011','Munchee Kome Cheese and Chilli 90g',25,'Munchee Kome Cheese and Chilli 90g'),(318,'4792081004096','Ayush Tumeric Soap 100g',25,'Ayush Tumeric Soap 100g'),(319,'8901030803642','Comfort 860ml Blue',25,'Comfort 860ml Blue'),(320,'8901030803567','Comfort 860ml Pink',25,'Comfort 860ml Pink'),(321,'4792081006021','Dove Intense Repair 180ml',25,'Dove Intense Repair 180ml'),(322,'4796005678226','Knorr Season Powder 7.5g',25,'Knorr Season Powder 7.5g'),(323,'4796005684524','Knorr Curry Cube',25,'Knorr Curry Cube'),(324,'4796005684098','Viva 300g',25,'Viva 300g'),(325,'4792081004102','Ayush Saffron Soap',25,'Ayush Saffron Soap'),(326,'4792081009411','Ayush Aloe Vera Soap',25,'Ayush Aloe Vera Soap'),(327,'8901030879319','Comfort Blue 90ml',25,'Comfort Blue 90ml'),(328,'8901030879340','Comfort Pink 90ml',25,'Comfort Pink 90ml'),(329,'8901030930980','Comfort Pink 210ml',25,'Comfort Pink 210ml'),(330,'8901030930966','Comfort Blue 210ml',25,'Comfort Pink 210ml'),(331,'4796005660047','Vim 500ml Liquid',25,'Vim 500ml Liquid'),(332,'4792081070602','Wonderlight Bar Soap 650g',25,'Wonderlight Bar Soap 650g'),(333,'4796005684135','Wonderlight Power Soap 140g',25,'Wonderlight Power Soap 140g'),(334,'4792081004065','Ayush Anti Cavity 120g',25,'Ayush Anti Cavity 120g'),(335,'4792081004058','Ayush Anti Cavity 70g',25,'Ayush Anti Cavity 70g'),(336,'4792081029259','Ayush Anti Cavity 30g',25,'Ayush Anti Cavity 30g'),(337,'8901030834592','AXE Signature Intense 122ml',25,'AXE Signature Intense 122ml'),(338,'8901030834660','AXE Signature Dark Temptation 122ml',25,'AXE Signature Dark Temptation 122ml'),(339,'9300830019380','AXE Gold Temptation 135ml',25,'AXE Gold Temptation 135ml'),(340,'9300830022557','AXE Black 135ml',25,'AXE Black 135ml. Frozen pear and bergamot scent.'),(341,'4800888141125','AXE Dark Temptation 135ml',25,'AXE Dark Temptation 135ml'),(342,'8901030873416','AXE Intense Ticket 17ml',25,'AXE Intense Ticket 17ml'),(343,'8901030842993','AXE Dark Temptation 17ml',25,'AXE Dark Temptation 17ml'),(344,'4792081020898','Ayush Anti Dandruff 100ml',25,'Ayush Anti Dandruff 100ml'),(345,'4792081020904','Ayush Anti Hair Fall 100ml',25,'Ayush Anti Hair Fall 100ml'),(346,'4792081020843','Ayush Tumeric Face Cream 25g',25,'Ayush Tumeric Face Cream 25g'),(347,'4792081029242','Ayush Tumeric Face Cream 15g',25,'Ayush Tumeric Face Cream 15g'),(348,'4792081029945','Pears Baby Oil Pure & Gentle',24,'Pears Baby Oil Pure & Gentle'),(349,'4792081022410','Clear Scalp Care Shampoo 80ml',24,'Clear Scalp Care Shampoo 80ml'),(350,'4792081022366','Clear Ice Cool Menthol Shampoo 180ml',24,'Clear Ice Cool Menthol Shampoo 180ml'),(351,'4792081022373','Clear Men DC 80ml ',24,'Clear Men DC 80ml '),(352,'4792081022397','Clear Men CSM 80ml ',24,'Clear Men CSM 80ml '),(353,'4792081022403','Clear Men CSM 180ml ',24,'Clear Men CSM 180ml '),(354,'4792081013906','Closeup Red 120g',24,'Closeup Red 120g'),(355,'4792081013876','Closeup Red 30g',24,'Closeup Red 30g'),(356,'4792081016310','Closeup PS 30g',24,'Closeup PS 30g'),(357,'4792081019007','Pears Baby Aloe Cream 100ml',24,'Pears Baby Aloe Cream 100ml'),(358,'4792081018932','Pears Baby P&G Cream 100ml',24,'Pears Baby P&G Cream 100ml'),(359,'4792081018963','Pears Baby Bedtime Cream 100ml',24,'Pears Baby Bedtime Cream 100ml'),(360,'4792081018970','Pears Baby AF Cream 100ml',24,'Pears Baby AF Cream 100ml'),(361,'4792081018925','Pears Baby P&G Cream 50ml',24,'Pears Baby P&G Cream 50ml'),(362,'4792081018956','Pears Baby Bedtime Cream 50ml',24,'Pears Baby Bedtime Cream 50ml'),(363,'4792081028368','Ayush Whitening ToothPaste 120g',24,'Ayush Whitening ToothPaste 120g'),(364,'4792081029952','Pairs Hair & Body Wash 100ml',24,'Pairs Hair & Body Wash 100ml'),(365,'4792081018949','Pears Pure & Gentle Cream 200ml',24,'Pears Pure & Gentle Cream 200ml'),(366,'4792081018987','Pears Active Floral Cream 200ml',24,'Pears Active Floral Cream 200ml'),(367,'4792081019014','Pears Aloe Vera Cream 200ml',24,'Pears Aloe Vera Cream 200ml'),(368,'4792081006083','Dove Hair Fall Rescue Shampoo 180ml',24,'Dove Hair Fall Rescue Shampoo 180ml'),(369,'4792081006045','Dove Intense Repair Shampoo 80ml',24,'Dove Intense Repair Shampoo 80ml'),(370,'4792081019212','Pears Baby Talc Cream 90g',24,'Pears Baby Talc Cream 90g'),(371,'4792081033522','Ponds Dream Flower Powder 100g',24,'Ponds Dream Flower Powder 100g'),(372,'4792081033539','Ponds Magic Powder 100g',24,'Ponds Magic Powder 100g'),(373,'4792081025213','Dove Intense Repair Shampoo 100ml',24,'Dove Intense Repair Shampoo 100ml'),(374,'4792081033362','Dove IR Shampoo 80ml + Chooty Pack 70g',24,'Dove IR Shampoo 80ml + Chooty Pack 70g'),(375,'4792081019045','Pears Magic Drop Cologne 100ml',24,'Pears Magic Drop Cologne 100ml'),(376,'4792081019069','Pears Bed Time Cologne 100ml',24,'Pears Bed Time Cologne 100ml'),(377,'4792081019083','Pears Pure & Gentle Cologne 100ml',24,'Pears Pure & Gentle Cologne 100ml'),(378,'4792081019106','Pears Active Floral Cologne 100ml',24,'Pears Active Floral Cologne 100ml'),(379,'4792081019052','Pears Magic Drop Cologne 50ml',24,'Pears Magic Drop Cologne 50ml'),(380,'4792081019076','Pears Bed Time Cologne 50ml',24,'Pears Bed Time Cologne 50ml'),(381,'4792081019090','Pears Pure & Gentle Cologne 50ml',24,'Pears Pure & Gentle Cologne 50ml'),(382,'4792081019113','Pears Active Floral Cologne 50ml',24,'Pears Active Floral Cologne 50ml'),(383,'4792081014750','F&L Glow & Handsome Facewash 50g',24,'F&L Glow & Handsome Facewash 50g'),(384,'4792081014767','F&L Ayurvedic Care Facewash 50g',24,'F&L Ayurvedic Care Facewash 50g'),(385,'4792081014811','F&L Glow & Handsome Cream 50g',24,'F&L Glow & Handsome Cream 50g'),(386,'4792081014804','F&L Glow & Handsome Cream 25g',24,'F&L Glow & Handsome Cream 25g'),(387,'4792081014828','F&L Ayurvedic Care Cream 25g',24,'F&L Ayurvedic Care Cream 25g'),(388,'4792081019335','F&L Multi Vitamin Cream 50g',24,'F&L Multi Vitamin Cream 50g'),(389,'4792081022229','F&L Multi Vitamin Cream 15g',24,'F&L Multi Vitamin Cream 15g'),(390,'4792081033553','F&L Multi Vitamin 25g',24,'F&L Multi Vitamin 25g'),(391,'4792081019267','Pears Multi Pack Pure & Gentle',24,'Pears Multi Pack Pure & Gentle'),(392,'4792081019502','Pears Multi Pack Aloe Vera',24,'Pears Multi Pack Aloe Vera'),(393,'4792081019281','Pears Multi Pack Bed Time',24,'Pears Multi Pack Bed Time'),(394,'4792081019304','Pears Multi Pack Active Floral',24,'Pears Multi Pack Active Floral'),(395,'895621','Ponds  Serum Cream 23g',24,'Ponds  Serum Cream 23g'),(396,'4792081020867','Ponds Light Moisturiser 24.5g',24,'Ponds Light Moisturiser 24.5g'),(397,'4792081022519','Ponds Pure Detox Facewash 100g',24,'Ponds Pure Detox Facewash 100g'),(398,'4792081022526','Ponds Bright Beauty Facewash 100g',24,'Ponds Bright Beauty Facewash 100g'),(399,'4792081031900','Ponds Pure Detox Facewash 50g',24,'Ponds Pure Detox Facewash 50g'),(400,'4792081031924','Ponds Pimple Clear Facewash 50g',24,'Ponds Pimple Clear Facewash 50g'),(401,'4792081033461','Ponds Bright Beauty Facewash 50g',24,'Ponds Bright Beauty Facewash 50g'),(402,'4792081032716','Rexona Powder Dry 25ml',24,'Rexona Powder Dry 25ml'),(403,'4792081032723','Rexona Aloe Vera 25ml',24,'Rexona Aloe Vera 25ml'),(404,'4792081032693','Rexona Powder Dry 50ml',24,'Rexona Powder Dry 50ml'),(405,'4792081032709','Rexona Aloe Vera 50ml',24,'Rexona Aloe Vera 50ml'),(406,'4792081032679','Rexona Sport Dry 50ml',24,'Rexona Sport Dry 50ml'),(407,'4792081033416','Lifebuoy S&L Shampoo 75g + Soap',24,'Lifebuoy S&L Shampoo 75g + Soap'),(408,'4792081033423','Lifebuoy AD Shampoo 75g + Soap',24,'Lifebuoy AD Shampoo 75g + Soap'),(409,'4792081015009','Ayush Turmeric 80g',24,'Ayush Turmeric 80g'),(410,'4792081014996','Ayush Turmeric 50g',24,'Ayush Turmeric 50g'),(411,'4796005674969','Knorr Chicken Curry Mix 15g',25,'Knorr Chicken Curry Mix 15g'),(412,'4796005674976','Knorr Biriyani Mix 20g',25,'Knorr Biriyani Mix 20g'),(413,'4796005673276','Viva Sachet 26g',25,'Viva Sachet 26g'),(414,'4796005684197','Viva 175g',25,'Viva 175g'),(415,'4796005684944','Viva 400g + Watawala 50g',25,'Viva 400g + Watawala 50g'),(416,'4792054016743','Panda Baby Delum Soap',24,'Panda Baby Delum Soap'),(417,'4792054006270','Panda Rathmal Eco Pack',24,'Panda Rathmal Eco Pack'),(418,'4792054013674','Panda Delum Eco Pack',24,'Panda Delum Eco Pack'),(419,'4792054014336','Panda Baby Aloe Vera Cream 50ml',24,'Panda Baby Aloe Vera Cream 50ml'),(420,'4792054013537','Panda Baby Venivel & Rathmal Cream 50ml',24,'Panda Baby Venivel & Rathmal Cream 50ml'),(421,'4792054001343','Panda Baby Olive Oil Cream 50ml',24,'Panda Baby Olive Oil Cream 50ml'),(422,'4792054001121','Panda Baby Olive Oil Cream 100ml',24,'Panda Baby Olive Oil Cream 100ml'),(423,'4792054006201','Panda Baby Venivel & Rathmal Cream 100ml',24,'Panda Baby Venivel & Rathmal Cream 100ml'),(424,'4792054014312','Panda Baby Aloe Vera Cream 100ml',24,'Panda Baby Aloe Vera Cream 100ml'),(425,'4792054001718','Panda Baby Cologne 50ml',24,'Panda Baby Cologne 50ml'),(426,'4792054008052','Panda Baby Floral 50ml',24,'Panda Baby Floral 50ml'),(427,'4792054001725','Panda Baby Talc Powder 100g',24,'Panda Baby Talc Powder 100g'),(428,'4792054006300','Panda Baby Sweet Floral Cologne 50ml',24,'Panda Baby Sweet Floral Cologne 50ml'),(429,'4792054006195','Panda Baby Sweet Floral Cologne 100ml',24,'Panda Baby Sweet Floral Cologne 100ml'),(430,'4792054006287','Panda Baby Mothers Love Cologne 50ml',24,'Panda Baby Mothers Love Cologne 50ml'),(431,'4792054006171','Panda Baby Mothers Love Cologne 100ml',24,'Panda Baby Mothers Love Cologne 100ml'),(432,'4792054006294','Panda Baby Fairy Touch Cologne 50ml',24,'Panda Baby Fairy Touch Cologne 50ml'),(433,'4792054006188','Panda Baby Fairy Touch Cologne 100ml',24,'Panda Baby Fairy Touch Cologne 100ml'),(434,'4792054014268','Panda Baby Natural Baby Oil 50ml',24,'Panda Baby Natural Baby Oil 50ml'),(435,'4792054006027','Panda Baby Bees Honey Shampoo 100ml',24,'Panda Baby Bees Honey Shampoo 100ml'),(436,'4792054006003','Panda Baby Wash Gotukola 100ml',24,'Panda Baby Wash Gotukola 100ml'),(437,'4792054016866','Misumi Beauty Soap Sakura',24,'Misumi Beauty Soap Sakura'),(438,'4792054017245','Misumi Beauty Soap Romansu',24,'Misumi Beauty Soap Romansu'),(439,'4796007570412','Marvel Small 4 Pack',25,'Marvel Small 4 Pack'),(440,'4796007570429','Marvel Medium 4 Pack',25,'Marvel Medium 4 Pack'),(441,'4796007570443','Marvel Large 4 Pack',25,'Marvel Large 4 Pack'),(442,'4796007570450','Marvel XL 4 Pack',25,'Marvel XL 4 Pack'),(443,'4796007570924','Marvel Small 16 Pack',25,'Marvel Small 16 Pack'),(444,'4796007570931','Marvel Medium 16 Pack',25,'Marvel Medium 16 Pack'),(445,'4796007570948','Marvel Large 16 Pack',25,'Marvel Large 16 Pack'),(446,'4796007570955','Marvel XL 16 Pack',25,'Marvel XL 16 Pack'),(447,'4796007570177','Marvel Adult Diapers 10 Pack',25,'Marvel Adult Diapers 10 Pack'),(448,'4796007570290','Marvel Wet Wipes 40 Pack',25,'Marvel Wet Wipes 40 Pack'),(449,'4796007570276','Marvel Wet Wipes 80 Pack',25,'Marvel Wet Wipes 80 Pack'),(450,'4792135030453','Uswatte March Mallows 50g',25,'Uswatte March Mallows 50g'),(451,'4792135030477','Uswatte March Mallows 80g',25,'Uswatte March Mallows 80g'),(452,'4792135030422','Uswatte March Mallows 200g',25,'Uswatte March Mallows 200g'),(453,'4792135030460','Uswatte March Mallows Cannister 135g',25,'Uswatte March Mallows Cannister 135g'),(454,'454013128','Uswatte March Mallows Cube',25,'Uswatte March Mallows Cube'),(455,'4792135020614','Uswatte Jigle Wigle 25g',25,'Uswatte Jigle Wigle 25g'),(456,'4792135020485','Uswatte Cha Cha 25g',25,'Uswatte Cha Cha 25g'),(457,'4792135010325','Uswatte Christys Wafers Vanilla 300g',25,'Uswatte Christys Wafers Vanilla 300g'),(458,'4792135010332','Uswatte Christys Wafers Chocolate 300g',25,'Uswatte Christys Wafers Chocolate 300g'),(459,'459013701','Uswatte Din Din Fruit Jelly Cube',25,'Uswatte Din Din Fruit Jelly Cube'),(460,'460013801','Uswatte Lollipop',25,'Uswatte Lollipop'),(461,'461013941','Uswatte Cool Mint Toffee',25,'Uswatte Cool Mint Toffee'),(462,'462014041','Uswatte Cola Candy Toffee',25,'Uswatte Cola Candy Toffee'),(463,'4792135070206','Uswatte Glucolife 75g',25,'Uswatte Glucolife 75g'),(464,'4792135030569','Uswatte Dicky Peppermint',25,'Uswatte Dicky Peppermint'),(465,'4792192526005','Chocolate Fingers 18g',25,'Chocolate Fingers 18g'),(466,'4792192526265','Chocolate Fingers 27g',25,'Chocolate Fingers 27g'),(467,'4792192526210','Chocolate Fingers 40g',25,'Chocolate Fingers 40g'),(468,'4792192526227','Chocolate Fingers 80g',25,'Chocolate Fingers 80g'),(469,'4792192474207','Chocolate Fingers 110g',25,'Chocolate Fingers 110g'),(470,'4792192602204','Chunky Choc 60g',25,'Chunky Choc 60g'),(471,'4792192601221','Chunky Choc 120g',25,'Chunky Choc 120g'),(472,'4792192601207','Chunky Choc 200g',25,'Chunky Choc 200g'),(473,'4792192473200','Choco-mo 40g',25,'Choco-mo 40g'),(474,'4792192501002','Ritzbury Nik Nak 6g',25,'Ritzbury Nik Nak 6g'),(475,'8888101280192','Ritzbury Pebbles 8g',25,'Ritzbury Pebbles 8g'),(476,'4792192553001','Ritzbury Popit 9g',25,'Ritzbury Popit 9g'),(477,'4792192553506','Ritzbury Popit 20g',25,'Ritzbury Popit 20g'),(478,'4792192551229','Ritzbury Choc-A-Nut 50g',25,'Ritzbury Choc-A-Nut 50g'),(479,'4792192551250','Ritzbury Choc-A-Nut 30g',25,'Ritzbury Choc-A-Nut 30g'),(480,'4792192551267','Ritzbury Choc-A-Nut 100g',25,'Ritzbury Choc-A-Nut 100g'),(481,'4792192437011','Choco-La Kiddies 12g',25,'Choco-La Kiddies 12g'),(482,'4792192845113','Ritzbury White Milk Sweets 20g',25,'Ritzbury White Milk Sweets 20g'),(483,'4792192401050','Choco-La Milk 45g',25,'Choco-La Milk 45g'),(484,'4792192845021','Ritzbury Peanut 93g',25,'Ritzbury Peanut 93g'),(485,'4792192434003','Ritzbury Bubbles 50g',25,'Ritzbury Bubbles 50g'),(486,'4792192423007','Ritzbury Bubbles 100g',25,'Ritzbury Bubbles 100g');
/*!40000 ALTER TABLE `product` ENABLE KEYS */;
UNLOCK TABLES;

--
-- Table structure for table `product_stock`
--

DROP TABLE IF EXISTS `product_stock`;
/*!40101 SET @saved_cs_client     = @@character_set_client */;
/*!40101 SET character_set_client = utf8 */;
CREATE TABLE `product_stock` (
  `id` int(11) NOT NULL AUTO_INCREMENT,
  `pid` int(11) NOT NULL,
  `stock` int(11) NOT NULL,
  `purchaseprice` float NOT NULL,
  `saleprice` float NOT NULL,
  PRIMARY KEY (`id`)
) ENGINE=InnoDB AUTO_INCREMENT=493 DEFAULT CHARSET=utf8mb4 COLLATE=utf8mb4_general_ci;
/*!40101 SET character_set_client = @saved_cs_client */;

--
-- Dumping data for table `product_stock`
--

LOCK TABLES `product_stock` WRITE;
/*!40000 ALTER TABLE `product_stock` DISABLE KEYS */;
INSERT INTO `product_stock` VALUES (22,22,150,126,145),(23,23,144,136,145),(24,24,180,100,130),(25,25,144,140,160),(26,26,90,116,130),(27,27,180,118,125),(28,28,144,140,160),(29,29,144,105,125),(30,30,144,105,125),(31,31,144,105,125),(32,32,144,105,125),(33,33,144,105,125),(34,34,147,149.66,160),(35,35,36,395,420),(36,36,120,142.17,150),(37,37,144,65,70),(38,38,48,169,180),(39,39,288,37.45,40),(40,40,48,174,185),(41,41,32,328,350),(42,42,18,215,250),(43,43,12,262,310),(44,44,20,255,300),(45,45,72,112,140),(46,46,60,114,125),(47,47,60,183,200),(48,48,24,245,275),(49,49,30,200,260),(50,50,24,186.5,230),(51,51,120,109,120),(52,52,48,223,265),(53,53,24,403,480),(54,54,17,130,140),(55,55,4,267,285),(56,56,12,252,360),(57,57,6,325,340),(59,59,12,310,335),(61,61,12,141,150),(62,62,5,141,150),(63,63,7,141,150),(64,64,15,134,145),(65,65,9,134,145),(66,66,36,121,130),(67,67,4,277,300),(68,68,8,277,300),(69,69,36,122,150),(70,70,12,122,150),(71,71,24,122,150),(72,72,400,10.5,19.75),(73,73,720,15.2083,20),(74,74,10,1550,1650),(75,75,3,1045,1100),(76,76,40,150,300),(77,77,240,22,25),(78,78,24,300,335),(79,79,360,18.55,20),(80,80,18,399,430),(81,81,100,112,120),(82,82,100,110,120),(83,83,120,27,30),(84,84,18,430,440),(85,85,36,206,220),(86,86,50,205,220),(87,87,12,854,880),(88,88,72,83,90),(89,89,50,128,160),(90,90,50,88,110),(91,91,50,104,130),(92,92,50,144,180),(93,93,50,136,170),(94,94,72,136,140),(95,95,80,28.5,30),(96,96,12,750,790),(97,97,39,460,490),(98,98,40,785,830),(99,99,48,530.75,550),(100,100,40,595,620),(101,101,36,1042.2,1080),(102,102,36,1042.2,1080),(103,103,12,1300,1350),(104,104,50,200,220),(105,105,450,66,70),(106,106,80,115,130),(107,107,450,57.9,60),(108,108,48,355,410),(109,109,18,250,525),(110,110,12,1208,1250),(111,111,10,270,300),(112,112,72,380,625),(113,113,1440,3.333,4.166),(114,114,15,350,370),(115,115,15,190,230),(116,116,36,82,85),(117,117,60,33,35),(118,118,20,575,620),(119,119,50,115,130),(120,120,12,219,250),(121,121,112,47.143,50),(122,122,20,175,400),(123,123,120,85,200),(124,124,120,114,130),(125,125,120,103,125),(126,126,120,89,100),(127,127,120,120,150),(128,128,60,281.82,310),(129,129,25,255,400),(130,130,25,230,500),(131,131,1,6250,10250),(132,132,5,850,1650),(133,133,5,850,1650),(134,134,20,82.5,125),(135,135,10,165,250),(136,136,1000,0.95,2),(137,137,25,950,1100),(138,138,15,1900,2200),(139,139,15,925,1050),(140,140,10,1850,2100),(141,141,10,1075,1150),(142,142,5,220,350),(143,143,2,292,700),(144,144,2,220,500),(145,145,48,118,125),(146,146,72,56,60),(147,147,4,312.889,440),(148,148,4,312.889,440),(149,149,4,312.889,440),(150,150,4,312.889,440),(151,151,4,312.889,440),(152,152,4,312.889,440),(153,153,3,312.889,440),(154,154,6,473.143,690),(155,155,6,473.143,690),(156,156,6,473.143,690),(157,157,6,473.143,690),(158,158,6,473.143,690),(159,159,6,473.143,690),(160,160,6,473.143,690),(161,161,2,708,885),(162,162,2,552,690),(163,163,2,504,630),(164,164,4,504,630),(165,165,2,600,750),(166,166,3,248,310),(167,167,3,328,410),(168,168,2,768,960),(169,169,1,768,960),(170,170,3,328,410),(171,171,3,552,690),(172,172,2,472,590),(173,173,2,708,885),(174,174,2,708,885),(175,175,6,156,195),(176,176,3,312,390),(177,177,2,336,420),(178,178,2,336,420),(179,179,2,360,450),(180,180,2,360,450),(181,181,2,312,390),(182,182,10,40,50),(183,183,5,80,100),(184,184,5,128,160),(185,185,5,256,320),(186,186,5,80,100),(187,187,5,120,150),(188,188,5,96,120),(189,189,5,80,100),(190,190,5,80,100),(191,191,5,80,100),(192,192,5,176,220),(193,193,10,88,110),(194,194,5,176,220),(195,195,10,40,50),(196,196,10,88,110),(197,197,10,40,50),(198,198,5,96,120),(199,199,5,96,120),(200,200,5,176,220),(201,201,5,176,220),(202,202,3,200,250),(203,203,10,40,50),(204,204,5,176,220),(205,205,5,207,230),(206,206,2,207,230),(207,207,2,207,230),(208,208,2,207,230),(209,209,5,207,230),(210,210,3,207,230),(211,211,5,144,160),(212,212,3,347.78,385),(213,213,3,347.52,380),(214,214,3,201.21,220),(215,215,3,348.21,385),(216,216,3,136.52,150),(217,217,3,145.27,160),(218,218,5,112.5,125),(219,219,3,112.5,125),(220,220,1,112.5,125),(221,221,15,52.82,60),(222,222,3,194.36,215),(223,223,12,90,100),(224,224,12,90,100),(225,221,1,0,60),(226,225,3,685,840),(227,226,3,685,840),(228,227,20,78,95),(229,228,20,156,190),(230,229,8,390,475),(231,230,20,71,85),(232,231,10,142,170),(233,232,20,78,95),(234,233,10,156,190),(235,234,4,390,475),(236,235,20,98.5,115),(237,236,10,192,225),(238,237,20,85.5,100),(239,238,20,112.5,135),(240,239,10,225,270),(241,240,5,384,450),(242,241,20,96,110),(243,242,10,188.5,215),(244,243,5,377,430),(245,244,10,68.5,80),(246,245,10,144.75,170),(247,246,5,234,280),(248,247,5,209,250),(249,248,10,123.5,140),(250,249,24,429,490),(251,250,4,473,540),(252,251,4,473,540),(253,252,2,473,540),(254,253,2,473,540),(255,254,12,104,120),(256,255,18,106.26,120),(257,255,2,0,120),(258,256,18,106.26,120),(259,257,12,106.26,120),(260,258,12,106.26,120),(261,259,12,106.26,120),(262,260,48,86.68,100),(263,260,4,0,100),(264,261,48,86.68,100),(265,262,12,178.05,200),(266,263,6,113.69,140),(267,264,3,302.86,350),(268,265,3,338.41,400),(269,266,3,133.72,150),(270,267,10,283.81,330),(271,268,10,296.75,340),(272,269,3,212.04,250),(273,270,3,214.59,250),(274,271,3,214.59,250),(275,272,12,113,130),(276,273,12,113,130),(277,274,33,52,60),(278,275,33,52,60),(279,276,6,208.83,240),(280,277,12,208.83,240),(281,278,18,69.22,80),(282,279,3,428,490),(283,280,15,126,140),(284,281,15,180,200),(285,282,3,270,300),(286,283,9,424.8,480),(287,284,15,81,90),(288,285,15,108,120),(289,286,16,207,230),(290,287,8,297,330),(291,288,12,162,180),(292,289,12,117,130),(293,290,15,225,250),(294,291,12,117,130),(295,292,15,225,250),(296,293,60,78.75,90),(297,294,12,135,150),(298,295,12,45,50),(299,296,12,72,80),(300,297,12,112.45,130),(301,298,12,207.6,240),(302,299,12,96.8,110),(303,300,12,193.6,220),(304,301,12,207,230),(305,302,12,198,220),(306,303,6,171,190),(307,304,6,117,130),(308,305,12,216,240),(309,306,12,108,120),(310,307,12,207,230),(311,308,3,342,380),(312,309,3,360,400),(313,310,2,630,700),(314,311,20,287.1,330),(315,312,6,360,400),(316,313,8,354.65,410),(317,314,12,90,100),(318,315,48,35.2,40),(319,316,48,35.2,40),(320,317,9,180,200),(321,318,12,156.347,175),(322,319,2,1061.54,1490),(323,320,1,1061.54,1490),(324,321,5,596.667,750),(325,322,12,27.273,30),(326,322,1,0,30),(327,323,28,40.098,50),(328,324,5,508.6,580),(329,325,12,160.492,175),(330,326,12,160.492,175),(331,327,3,136.363,150),(332,328,6,136.363,150),(333,329,3,354.547,390),(334,330,3,354.547,390),(335,331,6,386.363,425),(336,332,6,598.142,650),(337,333,48,69.936,80),(338,334,24,259.091,285),(339,335,24,181.818,200),(340,336,24,104.545,115),(341,337,2,1600,2000),(342,338,2,1600,2000),(343,339,2,1423.79,1700),(344,340,2,1423.79,1700),(345,341,2,1423.79,1700),(346,342,5,401.64,490),(347,343,5,401.64,490),(348,344,2,412.555,460),(349,345,2,412.555,460),(350,346,2,410.47,470),(351,347,2,200.875,230),(352,348,6,305.676,350),(353,349,5,421.524,470),(354,350,3,780.27,870),(355,351,5,439.462,490),(356,352,5,439.462,490),(357,353,3,807.173,900),(358,354,48,340.909,375),(359,355,24,113.636,125),(360,356,24,113.636,125),(361,357,3,314.41,360),(362,358,3,314.41,360),(363,359,3,314.41,360),(364,360,3,314.41,360),(365,361,6,157.205,180),(366,362,5,157.205,180),(367,363,24,259.091,285),(368,364,5,250,300),(369,365,1,698.69,800),(370,366,2,698.69,800),(371,367,2,698.69,800),(372,368,3,666.66,800),(373,369,5,416.66,500),(374,370,5,269.05,300),(375,371,5,313.9,350),(376,372,5,313.9,350),(377,373,3,333.33,400),(378,374,5,416.66,500),(379,375,2,502.18,575),(380,376,2,502.18,575),(381,377,2,502.18,575),(382,378,2,502.18,575),(383,379,3,314.41,360),(384,380,3,314.41,360),(385,381,3,314.41,360),(386,382,3,314.41,360),(387,383,2,487.5,585),(388,384,2,479.16,575),(389,385,3,921.39,1055),(390,386,3,598.25,685),(391,387,2,563.32,645),(392,388,5,524.018,600),(393,389,5,173.8,199),(394,390,5,270.742,310),(395,391,5,618.182,680),(396,392,5,618.182,680),(397,393,5,618.182,680),(398,394,5,618.182,680),(399,395,3,566.66,680),(400,396,3,312.5,375),(401,397,2,666.665,800),(402,398,2,666.665,800),(403,399,3,558.33,670),(404,400,3,666.66,800),(405,401,4,483.33,580),(406,402,3,376.88,450),(407,403,3,376.88,450),(408,404,2,670.015,800),(409,405,2,670.015,800),(410,406,2,670.015,800),(411,407,6,448.43,500),(412,408,6,448.43,500),(413,409,2,916.665,1100),(414,410,2,483.335,580),(415,411,12,136.363,150),(416,412,12,254.545,280),(417,413,24,56.338,60),(418,414,5,328.638,350),(419,415,5,713.616,760),(420,416,12,116.28,130),(421,417,3,608.26,680),(422,418,3,608.26,680),(423,419,1,136,160),(424,420,1,136,160),(425,421,1,136,160),(426,422,1,255,300),(427,423,1,255,300),(428,424,1,255,300),(429,425,1,306,360),(430,426,1,306,360),(431,427,3,212.5,250),(432,428,1,238,280),(433,429,1,425,500),(434,430,1,238,280),(435,431,1,425,500),(436,432,1,238,280),(437,433,1,425,500),(438,434,2,221,260),(439,435,2,238,280),(440,436,2,246.5,290),(441,437,6,102.87,115),(442,437,1,0,115),(443,438,6,102.87,115),(444,416,1,0,130),(445,439,2,235,305),(446,440,3,235,305),(447,441,3,235,305),(448,442,1,245,315),(449,443,1,905,1175),(450,444,2,905,1175),(451,445,2,905,1175),(452,446,1,940,1225),(453,447,1,1630,1985),(454,448,1,320,430),(455,449,1,510,690),(456,450,5,87,100),(457,451,3,131,150),(458,452,2,307,350),(459,453,3,260,300),(460,454,224,8,10),(461,455,10,65,80),(462,456,10,65,80),(463,457,3,328,400),(464,458,3,328,400),(465,459,190,8.158,10),(466,460,60,21.25,25),(467,461,225,4.444,5),(468,462,150,4,5),(469,463,5,128,150),(470,464,48,9,10),(471,465,12,36,40),(472,466,12,54,60),(473,467,6,90,100),(474,468,6,144,160),(475,469,3,207,230),(476,470,12,108,120),(477,471,3,225,250),(478,472,3,405,450),(479,473,6,108,120),(480,474,24,9,10),(481,475,12,18,20),(482,476,12,18,20),(483,477,12,54,60),(484,478,6,108,120),(485,479,6,63,70),(486,480,6,216,240),(487,481,24,27,30),(488,482,24,45,50),(489,483,12,90,100),(490,484,3,207,230),(491,485,6,108,120),(492,486,6,207,230);
/*!40000 ALTER TABLE `product_stock` ENABLE KEYS */;
UNLOCK TABLES;

--
-- Table structure for table `user`
--

DROP TABLE IF EXISTS `user`;
/*!40101 SET @saved_cs_client     = @@character_set_client */;
/*!40101 SET character_set_client = utf8 */;
CREATE TABLE `user` (
  `userid` int(11) NOT NULL AUTO_INCREMENT,
  `username` varchar(200) NOT NULL,
  `useremail` varchar(200) NOT NULL,
  `userpassword` varchar(200) NOT NULL,
  `role` varchar(50) NOT NULL,
  PRIMARY KEY (`userid`)
) ENGINE=InnoDB AUTO_INCREMENT=15 DEFAULT CHARSET=utf8mb4 COLLATE=utf8mb4_general_ci;
/*!40101 SET character_set_client = @saved_cs_client */;

--
-- Dumping data for table `user`
--

LOCK TABLES `user` WRITE;
/*!40000 ALTER TABLE `user` DISABLE KEYS */;
INSERT INTO `user` VALUES (1,'Sachintha','sachi.lifef@gmail.com','Sachintha123','Admin'),(14,'user','salasuper@gmail.com','Sala123','User');
/*!40000 ALTER TABLE `user` ENABLE KEYS */;
UNLOCK TABLES;
/*!40103 SET TIME_ZONE=@OLD_TIME_ZONE */;

/*!40101 SET SQL_MODE=@OLD_SQL_MODE */;
/*!40014 SET FOREIGN_KEY_CHECKS=@OLD_FOREIGN_KEY_CHECKS */;
/*!40014 SET UNIQUE_CHECKS=@OLD_UNIQUE_CHECKS */;
/*!40101 SET CHARACTER_SET_CLIENT=@OLD_CHARACTER_SET_CLIENT */;
/*!40101 SET CHARACTER_SET_RESULTS=@OLD_CHARACTER_SET_RESULTS */;
/*!40101 SET COLLATION_CONNECTION=@OLD_COLLATION_CONNECTION */;
/*!40111 SET SQL_NOTES=@OLD_SQL_NOTES */;

-- Dump completed on 2023-11-12 14:37:01
